<?xml version="1.0" encoding="UTF-8"?>
<gpx version="1.0" creator="GPSBabel - https://www.gpsbabel.org" xmlns="http://www.topografix.com/GPX/1/0">
  <time>2026-07-16T11:19:29.348Z</time>
  <bounds minlat="35.636032420" minlon="139.499264188" maxlat="35.638581724" maxlon="139.516308474"/>
  <trk>
    <name>SkyTraq tracklog</name>
    <desc>SkyTraq GPS tracklog data</desc>
    <trkseg>
      <trkpt lat="35.638275643" lon="139.512711058">
        <ele>-8.983</ele>
        <time>2026-07-15T23:32:04Z</time>
        <speed>0.000000</speed>
        <name>TP0001</name>
      </trkpt>
      <trkpt lat="35.638226058" lon="139.512741987">
        <ele>-1.310</ele>
        <time>2026-07-15T23:32:09Z</time>
        <speed>0.555556</speed>
        <name>TP0002</name>
      </trkpt>
      <trkpt lat="35.638241701" lon="139.512811418">
        <ele>1.418</ele>
        <time>2026-07-15T23:32:14Z</time>
        <speed>0.833333</speed>
        <name>TP0003</name>
      </trkpt>
      <trkpt lat="35.638251772" lon="139.512834152">
        <ele>3.292</ele>
        <time>2026-07-15T23:32:19Z</time>
        <speed>0.000000</speed>
        <name>TP0004</name>
      </trkpt>
      <trkpt lat="35.638277078" lon="139.512841320">
        <ele>6.241</ele>
        <time>2026-07-15T23:32:24Z</time>
        <speed>0.277778</speed>
        <name>TP0005</name>
      </trkpt>
      <trkpt lat="35.638300379" lon="139.512812646">
        <ele>4.351</ele>
        <time>2026-07-15T23:32:29Z</time>
        <speed>0.000000</speed>
        <name>TP0006</name>
      </trkpt>
      <trkpt lat="35.638344313" lon="139.512733793">
        <ele>-2.448</ele>
        <time>2026-07-15T23:32:34Z</time>
        <speed>0.000000</speed>
        <name>TP0007</name>
      </trkpt>
      <trkpt lat="35.638364283" lon="139.512697950">
        <ele>-5.539</ele>
        <time>2026-07-15T23:32:39Z</time>
        <speed>0.000000</speed>
        <name>TP0008</name>
      </trkpt>
      <trkpt lat="35.638362706" lon="139.512644085">
        <ele>-7.011</ele>
        <time>2026-07-15T23:32:44Z</time>
        <speed>0.555556</speed>
        <name>TP0009</name>
      </trkpt>
      <trkpt lat="35.636568908" lon="139.512620974">
        <ele>4.578</ele>
        <time>2026-07-16T00:15:16Z</time>
        <speed>8.055555</speed>
        <name>TP0010</name>
      </trkpt>
      <trkpt lat="35.637387808" lon="139.512588601">
        <ele>4.847</ele>
        <time>2026-07-16T00:15:21Z</time>
        <speed>3.333333</speed>
        <name>TP0011</name>
      </trkpt>
      <trkpt lat="35.637794402" lon="139.512601911">
        <ele>29.452</ele>
        <time>2026-07-16T00:15:26Z</time>
        <speed>1.111111</speed>
        <name>TP0012</name>
      </trkpt>
      <trkpt lat="35.637790251" lon="139.512606623">
        <ele>33.527</ele>
        <time>2026-07-16T00:15:31Z</time>
        <speed>0.000000</speed>
        <name>TP0013</name>
      </trkpt>
      <trkpt lat="35.637915594" lon="139.512594743">
        <ele>38.156</ele>
        <time>2026-07-16T00:15:36Z</time>
        <speed>0.833333</speed>
        <name>TP0014</name>
      </trkpt>
      <trkpt lat="35.637838037" lon="139.512596998">
        <ele>39.862</ele>
        <time>2026-07-16T00:15:41Z</time>
        <speed>0.833333</speed>
        <name>TP0015</name>
      </trkpt>
      <trkpt lat="35.637786684" lon="139.512595769">
        <ele>37.511</ele>
        <time>2026-07-16T00:15:46Z</time>
        <speed>0.000000</speed>
        <name>TP0016</name>
      </trkpt>
      <trkpt lat="35.637742813" lon="139.512596998">
        <ele>32.287</ele>
        <time>2026-07-16T00:15:51Z</time>
        <speed>0.277778</speed>
        <name>TP0017</name>
      </trkpt>
      <trkpt lat="35.637794987" lon="139.512586346">
        <ele>29.361</ele>
        <time>2026-07-16T00:15:56Z</time>
        <speed>0.833333</speed>
        <name>TP0018</name>
      </trkpt>
      <trkpt lat="35.637318420" lon="139.513464156">
        <ele>56.777</ele>
        <time>2026-07-16T00:52:33Z</time>
        <speed>1.388889</speed>
        <name>TP0019</name>
      </trkpt>
      <trkpt lat="35.637243166" lon="139.513428315">
        <ele>46.112</ele>
        <time>2026-07-16T00:52:38Z</time>
        <speed>1.388889</speed>
        <name>TP0020</name>
      </trkpt>
      <trkpt lat="35.637161266" lon="139.513456988">
        <ele>43.340</ele>
        <time>2026-07-16T00:52:43Z</time>
        <speed>1.666667</speed>
        <name>TP0021</name>
      </trkpt>
      <trkpt lat="35.637105099" lon="139.513474807">
        <ele>46.884</ele>
        <time>2026-07-16T00:52:48Z</time>
        <speed>1.111111</speed>
        <name>TP0022</name>
      </trkpt>
      <trkpt lat="35.637048854" lon="139.513491397">
        <ele>52.156</ele>
        <time>2026-07-16T00:52:53Z</time>
        <speed>0.833333</speed>
        <name>TP0023</name>
      </trkpt>
      <trkpt lat="35.637020217" lon="139.513477060">
        <ele>48.007</ele>
        <time>2026-07-16T00:52:58Z</time>
        <speed>0.277778</speed>
        <name>TP0024</name>
      </trkpt>
      <trkpt lat="35.637009640" lon="139.513471121">
        <ele>44.495</ele>
        <time>2026-07-16T00:53:03Z</time>
        <speed>0.000000</speed>
        <name>TP0025</name>
      </trkpt>
      <trkpt lat="35.637002393" lon="139.513472349">
        <ele>42.184</ele>
        <time>2026-07-16T00:53:08Z</time>
        <speed>0.000000</speed>
        <name>TP0026</name>
      </trkpt>
      <trkpt lat="35.637003056" lon="139.513458013">
        <ele>40.365</ele>
        <time>2026-07-16T00:53:13Z</time>
        <speed>0.833333</speed>
        <name>TP0027</name>
      </trkpt>
      <trkpt lat="35.637011219" lon="139.513343117">
        <ele>37.385</ele>
        <time>2026-07-16T00:53:18Z</time>
        <speed>1.944444</speed>
        <name>TP0028</name>
      </trkpt>
      <trkpt lat="35.637004576" lon="139.513225763">
        <ele>36.697</ele>
        <time>2026-07-16T00:53:23Z</time>
        <speed>1.944444</speed>
        <name>TP0029</name>
      </trkpt>
      <trkpt lat="35.636990607" lon="139.513108410">
        <ele>35.427</ele>
        <time>2026-07-16T00:53:28Z</time>
        <speed>1.944444</speed>
        <name>TP0030</name>
      </trkpt>
      <trkpt lat="35.636991288" lon="139.512991057">
        <ele>35.321</ele>
        <time>2026-07-16T00:53:33Z</time>
        <speed>1.666667</speed>
        <name>TP0031</name>
      </trkpt>
      <trkpt lat="35.636995884" lon="139.512865306">
        <ele>36.326</ele>
        <time>2026-07-16T00:53:38Z</time>
        <speed>1.666667</speed>
        <name>TP0032</name>
      </trkpt>
      <trkpt lat="35.637022612" lon="139.512742013">
        <ele>35.622</ele>
        <time>2026-07-16T00:53:43Z</time>
        <speed>1.666667</speed>
        <name>TP0033</name>
      </trkpt>
      <trkpt lat="35.637038021" lon="139.512625888">
        <ele>34.954</ele>
        <time>2026-07-16T00:53:48Z</time>
        <speed>1.666667</speed>
        <name>TP0034</name>
      </trkpt>
      <trkpt lat="35.637038117" lon="139.512524100">
        <ele>34.939</ele>
        <time>2026-07-16T00:53:53Z</time>
        <speed>1.944444</speed>
        <name>TP0035</name>
      </trkpt>
      <trkpt lat="35.637038213" lon="139.512422311">
        <ele>34.924</ele>
        <time>2026-07-16T00:53:58Z</time>
        <speed>1.388889</speed>
        <name>TP0036</name>
      </trkpt>
      <trkpt lat="35.637049628" lon="139.512313355">
        <ele>34.874</ele>
        <time>2026-07-16T00:54:03Z</time>
        <speed>1.388889</speed>
        <name>TP0037</name>
      </trkpt>
      <trkpt lat="35.637054302" lon="139.512188833">
        <ele>34.150</ele>
        <time>2026-07-16T00:54:08Z</time>
        <speed>1.944444</speed>
        <name>TP0038</name>
      </trkpt>
      <trkpt lat="35.637052236" lon="139.512048745">
        <ele>32.754</ele>
        <time>2026-07-16T00:54:13Z</time>
        <speed>1.944444</speed>
        <name>TP0039</name>
      </trkpt>
      <trkpt lat="35.637036024" lon="139.511891865">
        <ele>31.830</ele>
        <time>2026-07-16T00:54:18Z</time>
        <speed>2.222222</speed>
        <name>TP0040</name>
      </trkpt>
      <trkpt lat="35.637022560" lon="139.511757717">
        <ele>32.198</ele>
        <time>2026-07-16T00:54:23Z</time>
        <speed>1.666667</speed>
        <name>TP0041</name>
      </trkpt>
      <trkpt lat="35.637030565" lon="139.511640364">
        <ele>32.675</ele>
        <time>2026-07-16T00:54:28Z</time>
        <speed>1.944444</speed>
        <name>TP0042</name>
      </trkpt>
      <trkpt lat="35.637065785" lon="139.511485939">
        <ele>32.373</ele>
        <time>2026-07-16T00:54:33Z</time>
        <speed>2.500000</speed>
        <name>TP0043</name>
      </trkpt>
      <trkpt lat="35.637089102" lon="139.511354249">
        <ele>32.197</ele>
        <time>2026-07-16T00:54:38Z</time>
        <speed>2.222222</speed>
        <name>TP0044</name>
      </trkpt>
      <trkpt lat="35.637096522" lon="139.511252460">
        <ele>32.765</ele>
        <time>2026-07-16T00:54:43Z</time>
        <speed>1.666667</speed>
        <name>TP0045</name>
      </trkpt>
      <trkpt lat="35.637089876" lon="139.511135107">
        <ele>32.077</ele>
        <time>2026-07-16T00:54:48Z</time>
        <speed>1.666667</speed>
        <name>TP0046</name>
      </trkpt>
      <trkpt lat="35.637096790" lon="139.511050112">
        <ele>31.007</ele>
        <time>2026-07-16T00:54:53Z</time>
        <speed>1.111111</speed>
        <name>TP0047</name>
      </trkpt>
      <trkpt lat="35.637120691" lon="139.510902855">
        <ele>30.741</ele>
        <time>2026-07-16T00:54:58Z</time>
        <speed>1.944444</speed>
        <name>TP0048</name>
      </trkpt>
      <trkpt lat="35.637121875" lon="139.510768708">
        <ele>32.274</ele>
        <time>2026-07-16T00:55:03Z</time>
        <speed>1.666667</speed>
        <name>TP0049</name>
      </trkpt>
      <trkpt lat="35.637144607" lon="139.510652582">
        <ele>32.188</ele>
        <time>2026-07-16T00:55:08Z</time>
        <speed>1.666667</speed>
        <name>TP0050</name>
      </trkpt>
      <trkpt lat="35.637149201" lon="139.510526832">
        <ele>33.194</ele>
        <time>2026-07-16T00:55:13Z</time>
        <speed>1.666667</speed>
        <name>TP0051</name>
      </trkpt>
      <trkpt lat="35.637164608" lon="139.510410706">
        <ele>32.525</ele>
        <time>2026-07-16T00:55:18Z</time>
        <speed>1.388889</speed>
        <name>TP0052</name>
      </trkpt>
      <trkpt lat="35.637172611" lon="139.510293352">
        <ele>33.003</ele>
        <time>2026-07-16T00:55:23Z</time>
        <speed>1.111111</speed>
        <name>TP0053</name>
      </trkpt>
      <trkpt lat="35.637178862" lon="139.510222695">
        <ele>33.752</ele>
        <time>2026-07-16T00:55:28Z</time>
        <speed>0.833333</speed>
        <name>TP0054</name>
      </trkpt>
      <trkpt lat="35.637169311" lon="139.510080151">
        <ele>35.230</ele>
        <time>2026-07-16T00:55:33Z</time>
        <speed>1.388889</speed>
        <name>TP0055</name>
      </trkpt>
      <trkpt lat="35.637162586" lon="139.509961570">
        <ele>36.271</ele>
        <time>2026-07-16T00:55:38Z</time>
        <speed>1.666667</speed>
        <name>TP0056</name>
      </trkpt>
      <trkpt lat="35.637166262" lon="139.509767617">
        <ele>33.986</ele>
        <time>2026-07-16T00:55:43Z</time>
        <speed>1.944444</speed>
        <name>TP0057</name>
      </trkpt>
      <trkpt lat="35.637193571" lon="139.509628757">
        <ele>33.192</ele>
        <time>2026-07-16T00:55:48Z</time>
        <speed>1.666667</speed>
        <name>TP0058</name>
      </trkpt>
      <trkpt lat="35.637221291" lon="139.509574892">
        <ele>34.051</ele>
        <time>2026-07-16T00:55:53Z</time>
        <speed>0.555556</speed>
        <name>TP0059</name>
      </trkpt>
      <trkpt lat="35.637216489" lon="139.509309053">
        <ele>33.078</ele>
        <time>2026-07-16T00:55:59Z</time>
        <speed>2.222222</speed>
        <name>TP0060</name>
      </trkpt>
      <trkpt lat="35.637203448" lon="139.509156886">
        <ele>36.812</ele>
        <time>2026-07-16T00:56:04Z</time>
        <speed>1.666667</speed>
        <name>TP0061</name>
      </trkpt>
      <trkpt lat="35.637194558" lon="139.509000005">
        <ele>36.472</ele>
        <time>2026-07-16T00:56:09Z</time>
        <speed>1.666667</speed>
        <name>TP0062</name>
      </trkpt>
      <trkpt lat="35.637200397" lon="139.508844352">
        <ele>35.568</ele>
        <time>2026-07-16T00:56:14Z</time>
        <speed>1.666667</speed>
        <name>TP0063</name>
      </trkpt>
      <trkpt lat="35.637190922" lon="139.508703036">
        <ele>35.318</ele>
        <time>2026-07-16T00:56:19Z</time>
        <speed>1.666667</speed>
        <name>TP0064</name>
      </trkpt>
      <trkpt lat="35.637187605" lon="139.508592851">
        <ele>35.831</ele>
        <time>2026-07-16T00:56:24Z</time>
        <speed>1.111111</speed>
        <name>TP0065</name>
      </trkpt>
      <trkpt lat="35.637191692" lon="139.508483894">
        <ele>35.199</ele>
        <time>2026-07-16T00:56:30Z</time>
        <speed>1.666667</speed>
        <name>TP0066</name>
      </trkpt>
      <trkpt lat="35.637192368" lon="139.508366540">
        <ele>35.094</ele>
        <time>2026-07-16T00:56:35Z</time>
        <speed>1.666667</speed>
        <name>TP0067</name>
      </trkpt>
      <trkpt lat="35.637182894" lon="139.508225225">
        <ele>34.844</ele>
        <time>2026-07-16T00:56:40Z</time>
        <speed>2.500000</speed>
        <name>TP0068</name>
      </trkpt>
      <trkpt lat="35.637185321" lon="139.508061175">
        <ele>34.469</ele>
        <time>2026-07-16T00:56:46Z</time>
        <speed>1.944444</speed>
        <name>TP0069</name>
      </trkpt>
      <trkpt lat="35.637197316" lon="139.507936652">
        <ele>34.329</ele>
        <time>2026-07-16T00:56:51Z</time>
        <speed>1.666667</speed>
        <name>TP0070</name>
      </trkpt>
      <trkpt lat="35.637222793" lon="139.507843260">
        <ele>35.535</ele>
        <time>2026-07-16T00:56:56Z</time>
        <speed>1.388889</speed>
        <name>TP0071</name>
      </trkpt>
      <trkpt lat="35.637211075" lon="139.507662417">
        <ele>35.632</ele>
        <time>2026-07-16T00:57:02Z</time>
        <speed>1.666667</speed>
        <name>TP0072</name>
      </trkpt>
      <trkpt lat="35.637223148" lon="139.507539121">
        <ele>33.763</ele>
        <time>2026-07-16T00:57:07Z</time>
        <speed>1.666667</speed>
        <name>TP0073</name>
      </trkpt>
      <trkpt lat="35.637268009" lon="139.507425448">
        <ele>31.969</ele>
        <time>2026-07-16T00:57:12Z</time>
        <speed>1.388889</speed>
        <name>TP0074</name>
      </trkpt>
      <trkpt lat="35.637308292" lon="139.507334510">
        <ele>30.884</ele>
        <time>2026-07-16T00:57:17Z</time>
        <speed>1.111111</speed>
        <name>TP0075</name>
      </trkpt>
      <trkpt lat="35.637317460" lon="139.507186025">
        <ele>31.181</ele>
        <time>2026-07-16T00:57:22Z</time>
        <speed>1.944444</speed>
        <name>TP0076</name>
      </trkpt>
      <trkpt lat="35.637302914" lon="139.506981221">
        <ele>31.716</ele>
        <time>2026-07-16T00:57:27Z</time>
        <speed>1.666667</speed>
        <name>TP0077</name>
      </trkpt>
      <trkpt lat="35.637304094" lon="139.506847074">
        <ele>33.250</ele>
        <time>2026-07-16T00:57:32Z</time>
        <speed>1.666667</speed>
        <name>TP0078</name>
      </trkpt>
      <trkpt lat="35.637330816" lon="139.506723778">
        <ele>32.547</ele>
        <time>2026-07-16T00:57:37Z</time>
        <speed>1.666667</speed>
        <name>TP0079</name>
      </trkpt>
      <trkpt lat="35.637349472" lon="139.506613593">
        <ele>34.808</ele>
        <time>2026-07-16T00:57:42Z</time>
        <speed>1.944444</speed>
        <name>TP0080</name>
      </trkpt>
      <trkpt lat="35.637372784" lon="139.506481900">
        <ele>34.633</ele>
        <time>2026-07-16T00:57:47Z</time>
        <speed>1.666667</speed>
        <name>TP0081</name>
      </trkpt>
      <trkpt lat="35.637384193" lon="139.506372942">
        <ele>34.583</ele>
        <time>2026-07-16T00:57:52Z</time>
        <speed>1.666667</speed>
        <name>TP0082</name>
      </trkpt>
      <trkpt lat="35.637429558" lon="139.506242476">
        <ele>34.428</ele>
        <time>2026-07-16T00:57:57Z</time>
        <speed>1.944444</speed>
        <name>TP0083</name>
      </trkpt>
      <trkpt lat="35.637452286" lon="139.506126349">
        <ele>34.343</ele>
        <time>2026-07-16T00:58:02Z</time>
        <speed>1.666667</speed>
        <name>TP0084</name>
      </trkpt>
      <trkpt lat="35.637482338" lon="139.506010221">
        <ele>34.841</ele>
        <time>2026-07-16T00:58:07Z</time>
        <speed>1.944444</speed>
        <name>TP0085</name>
      </trkpt>
      <trkpt lat="35.637498908" lon="139.505862962">
        <ele>33.993</ele>
        <time>2026-07-16T00:58:12Z</time>
        <speed>2.222222</speed>
        <name>TP0086</name>
      </trkpt>
      <trkpt lat="35.637522219" lon="139.505731269">
        <ele>33.818</ele>
        <time>2026-07-16T00:58:17Z</time>
        <speed>1.666667</speed>
        <name>TP0087</name>
      </trkpt>
      <trkpt lat="35.637552271" lon="139.505615141">
        <ele>34.316</ele>
        <time>2026-07-16T00:58:22Z</time>
        <speed>1.944444</speed>
        <name>TP0088</name>
      </trkpt>
      <trkpt lat="35.637582906" lon="139.505483448">
        <ele>34.723</ele>
        <time>2026-07-16T00:58:27Z</time>
        <speed>1.944444</speed>
        <name>TP0089</name>
      </trkpt>
      <trkpt lat="35.637608964" lon="139.505374489">
        <ele>35.839</ele>
        <time>2026-07-16T00:58:32Z</time>
        <speed>1.388889</speed>
        <name>TP0090</name>
      </trkpt>
      <trkpt lat="35.637628281" lon="139.505249965">
        <ele>36.282</ele>
        <time>2026-07-16T00:58:37Z</time>
        <speed>1.666667</speed>
        <name>TP0091</name>
      </trkpt>
      <trkpt lat="35.637665658" lon="139.505133837">
        <ele>37.363</ele>
        <time>2026-07-16T00:58:42Z</time>
        <speed>1.666667</speed>
        <name>TP0092</name>
      </trkpt>
      <trkpt lat="35.637684470" lon="139.505026105">
        <ele>36.168</ele>
        <time>2026-07-16T00:58:47Z</time>
        <speed>1.666667</speed>
        <name>TP0093</name>
      </trkpt>
      <trkpt lat="35.637743978" lon="139.504912429">
        <ele>35.539</ele>
        <time>2026-07-16T00:58:52Z</time>
        <speed>1.666667</speed>
        <name>TP0094</name>
      </trkpt>
      <trkpt lat="35.637770698" lon="139.504789131">
        <ele>34.837</ele>
        <time>2026-07-16T00:58:57Z</time>
        <speed>2.222222</speed>
        <name>TP0095</name>
      </trkpt>
      <trkpt lat="35.637805326" lon="139.504650268">
        <ele>34.626</ele>
        <time>2026-07-16T00:59:02Z</time>
        <speed>2.500000</speed>
        <name>TP0096</name>
      </trkpt>
      <trkpt lat="35.637818484" lon="139.504494612">
        <ele>34.306</ele>
        <time>2026-07-16T00:59:07Z</time>
        <speed>2.222222</speed>
        <name>TP0097</name>
      </trkpt>
      <trkpt lat="35.637849118" lon="139.504362918">
        <ele>34.714</ele>
        <time>2026-07-16T00:59:12Z</time>
        <speed>1.944444</speed>
        <name>TP0098</name>
      </trkpt>
      <trkpt lat="35.637861030" lon="139.504237167">
        <ele>36.303</ele>
        <time>2026-07-16T00:59:17Z</time>
        <speed>1.666667</speed>
        <name>TP0099</name>
      </trkpt>
      <trkpt lat="35.637876352" lon="139.504119812">
        <ele>37.364</ele>
        <time>2026-07-16T00:59:22Z</time>
        <speed>1.944444</speed>
        <name>TP0100</name>
      </trkpt>
      <trkpt lat="35.637895163" lon="139.504012079">
        <ele>36.170</ele>
        <time>2026-07-16T00:59:27Z</time>
        <speed>1.666667</speed>
        <name>TP0101</name>
      </trkpt>
      <trkpt lat="35.637925292" lon="139.503897177">
        <ele>34.939</ele>
        <time>2026-07-16T00:59:32Z</time>
        <speed>1.944444</speed>
        <name>TP0102</name>
      </trkpt>
      <trkpt lat="35.637948018" lon="139.503781048">
        <ele>34.855</ele>
        <time>2026-07-16T00:59:37Z</time>
        <speed>1.944444</speed>
        <name>TP0103</name>
      </trkpt>
      <trkpt lat="35.637983228" lon="139.503626618">
        <ele>34.554</ele>
        <time>2026-07-16T00:59:42Z</time>
        <speed>2.222222</speed>
        <name>TP0104</name>
      </trkpt>
      <trkpt lat="35.638021186" lon="139.503494923">
        <ele>35.545</ele>
        <time>2026-07-16T00:59:47Z</time>
        <speed>1.944444</speed>
        <name>TP0105</name>
      </trkpt>
      <trkpt lat="35.638040501" lon="139.503370398">
        <ele>35.988</ele>
        <time>2026-07-16T00:59:52Z</time>
        <speed>1.944444</speed>
        <name>TP0106</name>
      </trkpt>
      <trkpt lat="35.638056405" lon="139.503237477">
        <ele>36.960</ele>
        <time>2026-07-16T00:59:57Z</time>
        <speed>1.944444</speed>
        <name>TP0107</name>
      </trkpt>
      <trkpt lat="35.638076302" lon="139.503097386">
        <ele>37.313</ele>
        <time>2026-07-16T01:00:02Z</time>
        <speed>1.944444</speed>
        <name>TP0108</name>
      </trkpt>
      <trkpt lat="35.638105848" lon="139.502998049">
        <ele>36.173</ele>
        <time>2026-07-16T01:00:07Z</time>
        <speed>1.944444</speed>
        <name>TP0109</name>
      </trkpt>
      <trkpt lat="35.638146711" lon="139.502891541">
        <ele>34.998</ele>
        <time>2026-07-16T01:00:12Z</time>
        <speed>1.666667</speed>
        <name>TP0110</name>
      </trkpt>
      <trkpt lat="35.638166608" lon="139.502751450">
        <ele>35.351</ele>
        <time>2026-07-16T01:00:17Z</time>
        <speed>1.944444</speed>
        <name>TP0111</name>
      </trkpt>
      <trkpt lat="35.638193247" lon="139.502626924">
        <ele>36.377</ele>
        <time>2026-07-16T01:00:22Z</time>
        <speed>1.944444</speed>
        <name>TP0112</name>
      </trkpt>
      <trkpt lat="35.638219965" lon="139.502503625">
        <ele>35.675</ele>
        <time>2026-07-16T01:00:27Z</time>
        <speed>1.944444</speed>
        <name>TP0113</name>
      </trkpt>
      <trkpt lat="35.638231875" lon="139.502377874">
        <ele>37.264</ele>
        <time>2026-07-16T01:00:32Z</time>
        <speed>1.944444</speed>
        <name>TP0114</name>
      </trkpt>
      <trkpt lat="35.638265334" lon="139.502270139">
        <ele>37.235</ele>
        <time>2026-07-16T01:00:37Z</time>
        <speed>1.666667</speed>
        <name>TP0115</name>
      </trkpt>
      <trkpt lat="35.638288641" lon="139.502138444">
        <ele>37.060</ele>
        <time>2026-07-16T01:00:42Z</time>
        <speed>1.666667</speed>
        <name>TP0116</name>
      </trkpt>
      <trkpt lat="35.638314775" lon="139.502030710">
        <ele>36.448</ele>
        <time>2026-07-16T01:00:47Z</time>
        <speed>1.666667</speed>
        <name>TP0117</name>
      </trkpt>
      <trkpt lat="35.638340830" lon="139.501921750">
        <ele>37.565</ele>
        <time>2026-07-16T01:00:52Z</time>
        <speed>1.666667</speed>
        <name>TP0118</name>
      </trkpt>
      <trkpt lat="35.638363554" lon="139.501805620">
        <ele>37.480</ele>
        <time>2026-07-16T01:00:57Z</time>
        <speed>1.666667</speed>
        <name>TP0119</name>
      </trkpt>
      <trkpt lat="35.638390271" lon="139.501682319">
        <ele>36.778</ele>
        <time>2026-07-16T01:01:02Z</time>
        <speed>1.666667</speed>
        <name>TP0120</name>
      </trkpt>
      <trkpt lat="35.638406173" lon="139.501549398">
        <ele>37.750</ele>
        <time>2026-07-16T01:01:07Z</time>
        <speed>1.666667</speed>
        <name>TP0121</name>
      </trkpt>
      <trkpt lat="35.638447539" lon="139.501426097">
        <ele>38.213</ele>
        <time>2026-07-16T01:01:12Z</time>
        <speed>1.666667</speed>
        <name>TP0122</name>
      </trkpt>
      <trkpt lat="35.638477587" lon="139.501309967">
        <ele>38.712</ele>
        <time>2026-07-16T01:01:17Z</time>
        <speed>1.388889</speed>
        <name>TP0123</name>
      </trkpt>
      <trkpt lat="35.638500310" lon="139.501193837">
        <ele>38.627</ele>
        <time>2026-07-16T01:01:22Z</time>
        <speed>1.944444</speed>
        <name>TP0124</name>
      </trkpt>
      <trkpt lat="35.638520205" lon="139.501053745">
        <ele>38.981</ele>
        <time>2026-07-16T01:01:27Z</time>
        <speed>1.944444</speed>
        <name>TP0125</name>
      </trkpt>
      <trkpt lat="35.638531610" lon="139.500944784">
        <ele>38.932</ele>
        <time>2026-07-16T01:01:32Z</time>
        <speed>1.388889</speed>
        <name>TP0126</name>
      </trkpt>
      <trkpt lat="35.638558326" lon="139.500821484">
        <ele>38.230</ele>
        <time>2026-07-16T01:01:37Z</time>
        <speed>1.666667</speed>
        <name>TP0127</name>
      </trkpt>
      <trkpt lat="35.638565737" lon="139.500719693">
        <ele>38.800</ele>
        <time>2026-07-16T01:01:42Z</time>
        <speed>1.666667</speed>
        <name>TP0128</name>
      </trkpt>
      <trkpt lat="35.638573731" lon="139.500602337">
        <ele>39.279</ele>
        <time>2026-07-16T01:01:47Z</time>
        <speed>1.388889</speed>
        <name>TP0129</name>
      </trkpt>
      <trkpt lat="35.638581724" lon="139.500484981">
        <ele>39.758</ele>
        <time>2026-07-16T01:01:53Z</time>
        <speed>1.666667</speed>
        <name>TP0130</name>
      </trkpt>
      <trkpt lat="35.638567664" lon="139.500366400">
        <ele>40.218</ele>
        <time>2026-07-16T01:01:58Z</time>
        <speed>1.944444</speed>
        <name>TP0131</name>
      </trkpt>
      <trkpt lat="35.638557015" lon="139.500256215">
        <ele>40.149</ele>
        <time>2026-07-16T01:02:03Z</time>
        <speed>1.666667</speed>
        <name>TP0132</name>
      </trkpt>
      <trkpt lat="35.638546948" lon="139.500130463">
        <ele>39.991</ele>
        <time>2026-07-16T01:02:08Z</time>
        <speed>1.944444</speed>
        <name>TP0133</name>
      </trkpt>
      <trkpt lat="35.638547033" lon="139.500028673">
        <ele>39.978</ele>
        <time>2026-07-16T01:02:13Z</time>
        <speed>1.388889</speed>
        <name>TP0134</name>
      </trkpt>
      <trkpt lat="35.638536384" lon="139.499918488">
        <ele>39.910</ele>
        <time>2026-07-16T01:02:18Z</time>
        <speed>1.666667</speed>
        <name>TP0135</name>
      </trkpt>
      <trkpt lat="35.638518330" lon="139.499807077">
        <ele>40.987</ele>
        <time>2026-07-16T01:02:23Z</time>
        <speed>1.666667</speed>
        <name>TP0136</name>
      </trkpt>
      <trkpt lat="35.638486130" lon="139.499678876">
        <ele>42.538</ele>
        <time>2026-07-16T01:02:28Z</time>
        <speed>1.666667</speed>
        <name>TP0137</name>
      </trkpt>
      <trkpt lat="35.638435287" lon="139.499557845">
        <ele>43.542</ele>
        <time>2026-07-16T01:02:33Z</time>
        <speed>1.111111</speed>
        <name>TP0138</name>
      </trkpt>
      <trkpt lat="35.638384444" lon="139.499436815">
        <ele>44.545</ele>
        <time>2026-07-16T01:02:38Z</time>
        <speed>1.666667</speed>
        <name>TP0139</name>
      </trkpt>
      <trkpt lat="35.638340926" lon="139.499315785">
        <ele>46.131</ele>
        <time>2026-07-16T01:02:43Z</time>
        <speed>1.666667</speed>
        <name>TP0140</name>
      </trkpt>
      <trkpt lat="35.638254460" lon="139.499264188">
        <ele>45.782</ele>
        <time>2026-07-16T01:02:48Z</time>
        <speed>1.388889</speed>
        <name>TP0141</name>
      </trkpt>
      <trkpt lat="35.638257780" lon="139.499477388">
        <ele>43.552</ele>
        <time>2026-07-16T01:02:53Z</time>
        <speed>1.944444</speed>
        <name>TP0142</name>
      </trkpt>
      <trkpt lat="35.638275669" lon="139.499689362">
        <ele>44.216</ele>
        <time>2026-07-16T01:02:58Z</time>
        <speed>2.222222</speed>
        <name>TP0143</name>
      </trkpt>
      <trkpt lat="35.638303293" lon="139.499840299">
        <ele>43.374</ele>
        <time>2026-07-16T01:03:03Z</time>
        <speed>1.944444</speed>
        <name>TP0144</name>
      </trkpt>
      <trkpt lat="35.638350142" lon="139.499968500">
        <ele>42.988</ele>
        <time>2026-07-16T01:03:08Z</time>
        <speed>1.944444</speed>
        <name>TP0145</name>
      </trkpt>
      <trkpt lat="35.638397574" lon="139.500081136">
        <ele>42.513</ele>
        <time>2026-07-16T01:03:13Z</time>
        <speed>1.666667</speed>
        <name>TP0146</name>
      </trkpt>
      <trkpt lat="35.638413880" lon="139.500239243">
        <ele>41.706</ele>
        <time>2026-07-16T01:03:18Z</time>
        <speed>2.777778</speed>
        <name>TP0147</name>
      </trkpt>
      <trkpt lat="35.638429602" lon="139.500412917">
        <ele>40.989</ele>
        <time>2026-07-16T01:03:23Z</time>
        <speed>2.222222</speed>
        <name>TP0148</name>
      </trkpt>
      <trkpt lat="35.638427768" lon="139.500561404">
        <ele>41.273</ele>
        <time>2026-07-16T01:03:28Z</time>
        <speed>2.222222</speed>
        <name>TP0149</name>
      </trkpt>
      <trkpt lat="35.638403880" lon="139.500708666">
        <ele>41.537</ele>
        <time>2026-07-16T01:03:33Z</time>
        <speed>1.666667</speed>
        <name>TP0150</name>
      </trkpt>
      <trkpt lat="35.638366508" lon="139.500824796">
        <ele>40.456</ele>
        <time>2026-07-16T01:03:38Z</time>
        <speed>1.944444</speed>
        <name>TP0151</name>
      </trkpt>
      <trkpt lat="35.638332467" lon="139.500948097">
        <ele>40.575</ele>
        <time>2026-07-16T01:03:43Z</time>
        <speed>2.222222</speed>
        <name>TP0152</name>
      </trkpt>
      <trkpt lat="35.638301254" lon="139.501095359">
        <ele>40.257</ele>
        <time>2026-07-16T01:03:48Z</time>
        <speed>1.944444</speed>
        <name>TP0153</name>
      </trkpt>
      <trkpt lat="35.638270623" lon="139.501227055">
        <ele>39.849</ele>
        <time>2026-07-16T01:03:53Z</time>
        <speed>1.944444</speed>
        <name>TP0154</name>
      </trkpt>
      <trkpt lat="35.638232668" lon="139.501358750">
        <ele>38.857</ele>
        <time>2026-07-16T01:03:58Z</time>
        <speed>2.222222</speed>
        <name>TP0155</name>
      </trkpt>
      <trkpt lat="35.638201454" lon="139.501506012">
        <ele>38.539</ele>
        <time>2026-07-16T01:04:03Z</time>
        <speed>2.222222</speed>
        <name>TP0156</name>
      </trkpt>
      <trkpt lat="35.638163498" lon="139.501637707">
        <ele>37.548</ele>
        <time>2026-07-16T01:04:08Z</time>
        <speed>2.500000</speed>
        <name>TP0157</name>
      </trkpt>
      <trkpt lat="35.638136277" lon="139.501777798">
        <ele>36.612</ele>
        <time>2026-07-16T01:04:13Z</time>
        <speed>2.222222</speed>
        <name>TP0158</name>
      </trkpt>
      <trkpt lat="35.638102819" lon="139.501885533">
        <ele>36.642</ele>
        <time>2026-07-16T01:04:18Z</time>
        <speed>1.388889</speed>
        <name>TP0159</name>
      </trkpt>
      <trkpt lat="35.638084671" lon="139.501978927">
        <ele>36.018</ele>
        <time>2026-07-16T01:04:23Z</time>
        <speed>1.111111</speed>
        <name>TP0160</name>
      </trkpt>
      <trkpt lat="35.638055285" lon="139.502080716">
        <ele>33.700</ele>
        <time>2026-07-16T01:04:28Z</time>
        <speed>1.111111</speed>
        <name>TP0161</name>
      </trkpt>
      <trkpt lat="35.638043879" lon="139.502189676">
        <ele>33.749</ele>
        <time>2026-07-16T01:04:33Z</time>
        <speed>1.666667</speed>
        <name>TP0162</name>
      </trkpt>
      <trkpt lat="35.638017241" lon="139.502314201">
        <ele>32.723</ele>
        <time>2026-07-16T01:04:38Z</time>
        <speed>1.388889</speed>
        <name>TP0163</name>
      </trkpt>
      <trkpt lat="35.637993933" lon="139.502445896">
        <ele>32.898</ele>
        <time>2026-07-16T01:04:43Z</time>
        <speed>1.944444</speed>
        <name>TP0164</name>
      </trkpt>
      <trkpt lat="35.637944579" lon="139.502583536">
        <ele>33.671</ele>
        <time>2026-07-16T01:04:48Z</time>
        <speed>2.222222</speed>
        <name>TP0165</name>
      </trkpt>
      <trkpt lat="35.637915113" lon="139.502684099">
        <ele>33.082</ele>
        <time>2026-07-16T01:04:53Z</time>
        <speed>1.388889</speed>
        <name>TP0166</name>
      </trkpt>
      <trkpt lat="35.637885064" lon="139.502800229">
        <ele>32.584</ele>
        <time>2026-07-16T01:04:58Z</time>
        <speed>1.944444</speed>
        <name>TP0167</name>
      </trkpt>
      <trkpt lat="35.637857842" lon="139.502940319">
        <ele>31.648</ele>
        <time>2026-07-16T01:05:03Z</time>
        <speed>2.222222</speed>
        <name>TP0168</name>
      </trkpt>
      <trkpt lat="35.637848680" lon="139.503088805">
        <ele>31.349</ele>
        <time>2026-07-16T01:05:08Z</time>
        <speed>1.944444</speed>
        <name>TP0169</name>
      </trkpt>
      <trkpt lat="35.637830531" lon="139.503182199">
        <ele>30.726</ele>
        <time>2026-07-16T01:05:13Z</time>
        <speed>1.388889</speed>
        <name>TP0170</name>
      </trkpt>
      <trkpt lat="35.637819708" lon="139.503275593">
        <ele>30.684</ele>
        <time>2026-07-16T01:05:18Z</time>
        <speed>1.111111</speed>
        <name>TP0171</name>
      </trkpt>
      <trkpt lat="35.637785081" lon="139.503414457">
        <ele>30.894</ele>
        <time>2026-07-16T01:05:23Z</time>
        <speed>2.222222</speed>
        <name>TP0172</name>
      </trkpt>
      <trkpt lat="35.637739215" lon="139.503561717">
        <ele>29.411</ele>
        <time>2026-07-16T01:05:28Z</time>
        <speed>2.222222</speed>
        <name>TP0173</name>
      </trkpt>
      <trkpt lat="35.637715907" lon="139.503693411">
        <ele>29.586</ele>
        <time>2026-07-16T01:05:33Z</time>
        <speed>1.944444</speed>
        <name>TP0174</name>
      </trkpt>
      <trkpt lat="35.637689188" lon="139.503816710">
        <ele>30.289</ele>
        <time>2026-07-16T01:05:38Z</time>
        <speed>1.944444</speed>
        <name>TP0175</name>
      </trkpt>
      <trkpt lat="35.637666463" lon="139.503932838">
        <ele>30.373</ele>
        <time>2026-07-16T01:05:43Z</time>
        <speed>1.666667</speed>
        <name>TP0176</name>
      </trkpt>
      <trkpt lat="35.637651645" lon="139.504033401">
        <ele>30.950</ele>
        <time>2026-07-16T01:05:48Z</time>
        <speed>1.666667</speed>
        <name>TP0177</name>
      </trkpt>
      <trkpt lat="35.637655392" lon="139.504125569">
        <ele>33.803</ele>
        <time>2026-07-16T01:05:53Z</time>
        <speed>1.666667</speed>
        <name>TP0178</name>
      </trkpt>
      <trkpt lat="35.637636502" lon="139.504232075">
        <ele>36.726</ele>
        <time>2026-07-16T01:05:58Z</time>
        <speed>1.944444</speed>
        <name>TP0179</name>
      </trkpt>
      <trkpt lat="35.637584477" lon="139.504348203">
        <ele>34.480</ele>
        <time>2026-07-16T01:06:03Z</time>
        <speed>1.666667</speed>
        <name>TP0180</name>
      </trkpt>
      <trkpt lat="35.637547101" lon="139.504464332">
        <ele>33.399</ele>
        <time>2026-07-16T01:06:08Z</time>
        <speed>1.944444</speed>
        <name>TP0181</name>
      </trkpt>
      <trkpt lat="35.637526618" lon="139.504619987">
        <ele>33.137</ele>
        <time>2026-07-16T01:06:13Z</time>
        <speed>2.500000</speed>
        <name>TP0182</name>
      </trkpt>
      <trkpt lat="35.637499394" lon="139.504760076">
        <ele>32.201</ele>
        <time>2026-07-16T01:06:18Z</time>
        <speed>2.500000</speed>
        <name>TP0183</name>
      </trkpt>
      <trkpt lat="35.637471586" lon="139.504915731">
        <ele>31.356</ele>
        <time>2026-07-16T01:06:23Z</time>
        <speed>2.500000</speed>
        <name>TP0184</name>
      </trkpt>
      <trkpt lat="35.637440951" lon="139.505047425">
        <ele>30.948</ele>
        <time>2026-07-16T01:06:28Z</time>
        <speed>2.500000</speed>
        <name>TP0185</name>
      </trkpt>
      <trkpt lat="35.637413648" lon="139.505186288">
        <ele>31.741</ele>
        <time>2026-07-16T01:06:33Z</time>
        <speed>2.222222</speed>
        <name>TP0186</name>
      </trkpt>
      <trkpt lat="35.637387511" lon="139.505294019">
        <ele>32.354</ele>
        <time>2026-07-16T01:06:38Z</time>
        <speed>1.388889</speed>
        <name>TP0187</name>
      </trkpt>
      <trkpt lat="35.637365289" lon="139.505393355">
        <ele>34.077</ele>
        <time>2026-07-16T01:06:43Z</time>
        <speed>1.666667</speed>
        <name>TP0188</name>
      </trkpt>
      <trkpt lat="35.637328495" lon="139.505493917">
        <ele>32.906</ele>
        <time>2026-07-16T01:06:48Z</time>
        <speed>1.666667</speed>
        <name>TP0189</name>
      </trkpt>
      <trkpt lat="35.637309683" lon="139.505601649">
        <ele>34.101</ele>
        <time>2026-07-16T01:06:53Z</time>
        <speed>1.388889</speed>
        <name>TP0190</name>
      </trkpt>
      <trkpt lat="35.637290366" lon="139.505726173">
        <ele>33.658</ele>
        <time>2026-07-16T01:06:58Z</time>
        <speed>1.666667</speed>
        <name>TP0191</name>
      </trkpt>
      <trkpt lat="35.637267717" lon="139.505843527">
        <ele>32.014</ele>
        <time>2026-07-16T01:07:03Z</time>
        <speed>1.666667</speed>
        <name>TP0192</name>
      </trkpt>
      <trkpt lat="35.637237665" lon="139.505959654">
        <ele>31.517</ele>
        <time>2026-07-16T01:07:08Z</time>
        <speed>1.944444</speed>
        <name>TP0193</name>
      </trkpt>
      <trkpt lat="35.637214937" lon="139.506075781">
        <ele>31.601</ele>
        <time>2026-07-16T01:07:13Z</time>
        <speed>1.388889</speed>
        <name>TP0194</name>
      </trkpt>
      <trkpt lat="35.637188799" lon="139.506183513">
        <ele>32.214</ele>
        <time>2026-07-16T01:07:18Z</time>
        <speed>1.944444</speed>
        <name>TP0195</name>
      </trkpt>
      <trkpt lat="35.637169482" lon="139.506308036">
        <ele>31.771</ele>
        <time>2026-07-16T01:07:23Z</time>
        <speed>1.944444</speed>
        <name>TP0196</name>
      </trkpt>
      <trkpt lat="35.637158072" lon="139.506416994">
        <ele>31.821</ele>
        <time>2026-07-16T01:07:28Z</time>
        <speed>1.666667</speed>
        <name>TP0197</name>
      </trkpt>
      <trkpt lat="35.637131351" lon="139.506540290">
        <ele>32.524</ele>
        <time>2026-07-16T01:07:33Z</time>
        <speed>2.222222</speed>
        <name>TP0198</name>
      </trkpt>
      <trkpt lat="35.637108623" lon="139.506656417">
        <ele>32.609</ele>
        <time>2026-07-16T01:07:38Z</time>
        <speed>1.388889</speed>
        <name>TP0199</name>
      </trkpt>
      <trkpt lat="35.637097213" lon="139.506765375">
        <ele>32.658</ele>
        <time>2026-07-16T01:07:43Z</time>
        <speed>1.388889</speed>
        <name>TP0200</name>
      </trkpt>
      <trkpt lat="35.637082393" lon="139.506865936">
        <ele>33.235</ele>
        <time>2026-07-16T01:07:48Z</time>
        <speed>1.388889</speed>
        <name>TP0201</name>
      </trkpt>
      <trkpt lat="35.637048425" lon="139.506990459">
        <ele>31.627</ele>
        <time>2026-07-16T01:07:53Z</time>
        <speed>1.666667</speed>
        <name>TP0202</name>
      </trkpt>
      <trkpt lat="35.637036352" lon="139.507113755">
        <ele>33.496</ele>
        <time>2026-07-16T01:07:59Z</time>
        <speed>1.388889</speed>
        <name>TP0203</name>
      </trkpt>
      <trkpt lat="35.637024280" lon="139.507237051">
        <ele>35.364</ele>
        <time>2026-07-16T01:08:04Z</time>
        <speed>1.388889</speed>
        <name>TP0204</name>
      </trkpt>
      <trkpt lat="35.637016785" lon="139.507337612">
        <ele>36.524</ele>
        <time>2026-07-16T01:08:09Z</time>
        <speed>1.388889</speed>
        <name>TP0205</name>
      </trkpt>
      <trkpt lat="35.637008784" lon="139.507454966">
        <ele>36.046</ele>
        <time>2026-07-16T01:08:14Z</time>
        <speed>1.388889</speed>
        <name>TP0206</name>
      </trkpt>
      <trkpt lat="35.637004699" lon="139.507563923">
        <ele>36.678</ele>
        <time>2026-07-16T01:08:19Z</time>
        <speed>1.111111</speed>
        <name>TP0207</name>
      </trkpt>
      <trkpt lat="35.636971392" lon="139.507674108">
        <ele>33.252</ele>
        <time>2026-07-16T01:08:24Z</time>
        <speed>1.388889</speed>
        <name>TP0208</name>
      </trkpt>
      <trkpt lat="35.636967385" lon="139.507784292">
        <ele>32.155</ele>
        <time>2026-07-16T01:08:29Z</time>
        <speed>1.388889</speed>
        <name>TP0209</name>
      </trkpt>
      <trkpt lat="35.636962794" lon="139.507910042">
        <ele>31.150</ele>
        <time>2026-07-16T01:08:34Z</time>
        <speed>1.666667</speed>
        <name>TP0210</name>
      </trkpt>
      <trkpt lat="35.636962118" lon="139.508027395">
        <ele>31.254</ele>
        <time>2026-07-16T01:08:39Z</time>
        <speed>1.388889</speed>
        <name>TP0211</name>
      </trkpt>
      <trkpt lat="35.636953533" lon="139.508160314">
        <ele>30.867</ele>
        <time>2026-07-16T01:08:44Z</time>
        <speed>1.666667</speed>
        <name>TP0212</name>
      </trkpt>
      <trkpt lat="35.636956850" lon="139.508270499">
        <ele>30.353</ele>
        <time>2026-07-16T01:08:49Z</time>
        <speed>1.388889</speed>
        <name>TP0213</name>
      </trkpt>
      <trkpt lat="35.636957342" lon="139.508356722">
        <ele>30.277</ele>
        <time>2026-07-16T01:08:54Z</time>
        <speed>1.111111</speed>
        <name>TP0214</name>
      </trkpt>
      <trkpt lat="35.636974725" lon="139.508482472">
        <ele>31.019</ele>
        <time>2026-07-16T01:08:59Z</time>
        <speed>1.944444</speed>
        <name>TP0215</name>
      </trkpt>
      <trkpt lat="35.636950749" lon="139.508628501">
        <ele>33.014</ele>
        <time>2026-07-16T01:09:04Z</time>
        <speed>1.666667</speed>
        <name>TP0216</name>
      </trkpt>
      <trkpt lat="35.636953987" lon="139.508737458">
        <ele>34.229</ele>
        <time>2026-07-16T01:09:09Z</time>
        <speed>1.666667</speed>
        <name>TP0217</name>
      </trkpt>
      <trkpt lat="35.636952727" lon="139.508870377">
        <ele>34.424</ele>
        <time>2026-07-16T01:09:14Z</time>
        <speed>1.944444</speed>
        <name>TP0218</name>
      </trkpt>
      <trkpt lat="35.636931071" lon="139.509057161">
        <ele>34.343</ele>
        <time>2026-07-16T01:09:19Z</time>
        <speed>2.777778</speed>
        <name>TP0219</name>
      </trkpt>
      <trkpt lat="35.636920228" lon="139.509253568">
        <ele>32.589</ele>
        <time>2026-07-16T01:09:24Z</time>
        <speed>2.777778</speed>
        <name>TP0220</name>
      </trkpt>
      <trkpt lat="35.636907142" lon="139.509410449">
        <ele>31.181</ele>
        <time>2026-07-16T01:09:29Z</time>
        <speed>2.500000</speed>
        <name>TP0221</name>
      </trkpt>
      <trkpt lat="35.636887159" lon="139.509549309">
        <ele>32.558</ele>
        <time>2026-07-16T01:09:34Z</time>
        <speed>1.666667</speed>
        <name>TP0222</name>
      </trkpt>
      <trkpt lat="35.636890396" lon="139.509658265">
        <ele>33.773</ele>
        <time>2026-07-16T01:09:39Z</time>
        <speed>1.388889</speed>
        <name>TP0223</name>
      </trkpt>
      <trkpt lat="35.636871075" lon="139.509782788">
        <ele>33.330</ele>
        <time>2026-07-16T01:09:44Z</time>
        <speed>1.666667</speed>
        <name>TP0224</name>
      </trkpt>
      <trkpt lat="35.636866988" lon="139.509891744">
        <ele>33.963</ele>
        <time>2026-07-16T01:09:49Z</time>
        <speed>1.666667</speed>
        <name>TP0225</name>
      </trkpt>
      <trkpt lat="35.636858985" lon="139.510009098">
        <ele>33.485</ele>
        <time>2026-07-16T01:09:54Z</time>
        <speed>1.944444</speed>
        <name>TP0226</name>
      </trkpt>
      <trkpt lat="35.636853807" lon="139.510150413">
        <ele>32.570</ele>
        <time>2026-07-16T01:09:59Z</time>
        <speed>1.388889</speed>
        <name>TP0227</name>
      </trkpt>
      <trkpt lat="35.636857123" lon="139.510260598">
        <ele>32.057</ele>
        <time>2026-07-16T01:10:04Z</time>
        <speed>1.111111</speed>
        <name>TP0228</name>
      </trkpt>
      <trkpt lat="35.636867685" lon="139.510369554">
        <ele>33.855</ele>
        <time>2026-07-16T01:10:09Z</time>
        <speed>1.388889</speed>
        <name>TP0229</name>
      </trkpt>
      <trkpt lat="35.636881072" lon="139.510502473">
        <ele>35.216</ele>
        <time>2026-07-16T01:10:14Z</time>
        <speed>1.666667</speed>
        <name>TP0230</name>
      </trkpt>
      <trkpt lat="35.636884309" lon="139.510611430">
        <ele>36.431</ele>
        <time>2026-07-16T01:10:19Z</time>
        <speed>1.388889</speed>
        <name>TP0231</name>
      </trkpt>
      <trkpt lat="35.636864481" lon="139.510752745">
        <ele>34.351</ele>
        <time>2026-07-16T01:10:24Z</time>
        <speed>1.666667</speed>
        <name>TP0232</name>
      </trkpt>
      <trkpt lat="35.636844574" lon="139.510892832">
        <ele>33.999</ele>
        <time>2026-07-16T01:10:29Z</time>
        <speed>2.222222</speed>
        <name>TP0233</name>
      </trkpt>
      <trkpt lat="35.636830903" lon="139.511065278">
        <ele>32.683</ele>
        <time>2026-07-16T01:10:34Z</time>
        <speed>3.333333</speed>
        <name>TP0234</name>
      </trkpt>
      <trkpt lat="35.636809244" lon="139.511252060">
        <ele>32.602</ele>
        <time>2026-07-16T01:10:39Z</time>
        <speed>2.777778</speed>
        <name>TP0235</name>
      </trkpt>
      <trkpt lat="35.636810806" lon="139.511408941">
        <ele>32.360</ele>
        <time>2026-07-16T01:10:44Z</time>
        <speed>2.500000</speed>
        <name>TP0236</name>
      </trkpt>
      <trkpt lat="35.636808374" lon="139.511572990">
        <ele>32.737</ele>
        <time>2026-07-16T01:10:49Z</time>
        <speed>2.500000</speed>
        <name>TP0237</name>
      </trkpt>
      <trkpt lat="35.636802026" lon="139.511745435">
        <ele>32.003</ele>
        <time>2026-07-16T01:10:54Z</time>
        <speed>1.944444</speed>
        <name>TP0238</name>
      </trkpt>
      <trkpt lat="35.636800178" lon="139.511893919">
        <ele>32.289</ele>
        <time>2026-07-16T01:10:59Z</time>
        <speed>1.666667</speed>
        <name>TP0239</name>
      </trkpt>
      <trkpt lat="35.636802986" lon="139.512020897">
        <ele>30.138</ele>
        <time>2026-07-16T01:11:04Z</time>
        <speed>1.666667</speed>
        <name>TP0240</name>
      </trkpt>
      <trkpt lat="35.636809047" lon="139.512153816">
        <ele>30.916</ele>
        <time>2026-07-16T01:11:09Z</time>
        <speed>1.111111</speed>
        <name>TP0241</name>
      </trkpt>
      <trkpt lat="35.636819686" lon="139.512264000">
        <ele>30.986</ele>
        <time>2026-07-16T01:11:14Z</time>
        <speed>0.833333</speed>
        <name>TP0242</name>
      </trkpt>
      <trkpt lat="35.636819005" lon="139.512381354">
        <ele>31.091</ele>
        <time>2026-07-16T01:11:19Z</time>
        <speed>1.666667</speed>
        <name>TP0243</name>
      </trkpt>
      <trkpt lat="35.636824638" lon="139.512532294">
        <ele>28.503</ele>
        <time>2026-07-16T01:11:24Z</time>
        <speed>1.666667</speed>
        <name>TP0244</name>
      </trkpt>
      <trkpt lat="35.636812055" lon="139.512672381">
        <ele>28.734</ele>
        <time>2026-07-16T01:11:29Z</time>
        <speed>1.944444</speed>
        <name>TP0245</name>
      </trkpt>
      <trkpt lat="35.636810790" lon="139.512805300">
        <ele>28.930</ele>
        <time>2026-07-16T01:11:34Z</time>
        <speed>2.222222</speed>
        <name>TP0246</name>
      </trkpt>
      <trkpt lat="35.636813440" lon="139.512929821">
        <ele>30.236</ele>
        <time>2026-07-16T01:11:39Z</time>
        <speed>1.666667</speed>
        <name>TP0247</name>
      </trkpt>
      <trkpt lat="35.636808181" lon="139.513069908">
        <ele>31.050</ele>
        <time>2026-07-16T01:11:44Z</time>
        <speed>1.944444</speed>
        <name>TP0248</name>
      </trkpt>
      <trkpt lat="35.636792187" lon="139.513201598">
        <ele>31.809</ele>
        <time>2026-07-16T01:11:49Z</time>
        <speed>1.944444</speed>
        <name>TP0249</name>
      </trkpt>
      <trkpt lat="35.636788096" lon="139.513310554">
        <ele>32.442</ele>
        <time>2026-07-16T01:11:54Z</time>
        <speed>1.944444</speed>
        <name>TP0250</name>
      </trkpt>
      <trkpt lat="35.636783421" lon="139.513435076">
        <ele>33.166</ele>
        <time>2026-07-16T01:11:59Z</time>
        <speed>1.944444</speed>
        <name>TP0251</name>
      </trkpt>
      <trkpt lat="35.636753361" lon="139.513551200">
        <ele>32.669</ele>
        <time>2026-07-16T01:12:04Z</time>
        <speed>1.666667</speed>
        <name>TP0252</name>
      </trkpt>
      <trkpt lat="35.636738536" lon="139.513651759">
        <ele>33.247</ele>
        <time>2026-07-16T01:12:09Z</time>
        <speed>1.666667</speed>
        <name>TP0253</name>
      </trkpt>
      <trkpt lat="35.636701151" lon="139.513767883">
        <ele>32.168</ele>
        <time>2026-07-16T01:12:14Z</time>
        <speed>1.666667</speed>
        <name>TP0254</name>
      </trkpt>
      <trkpt lat="35.636675085" lon="139.513876840">
        <ele>31.053</ele>
        <time>2026-07-16T01:12:19Z</time>
        <speed>1.666667</speed>
        <name>TP0255</name>
      </trkpt>
      <trkpt lat="35.636663668" lon="139.513985796">
        <ele>31.104</ele>
        <time>2026-07-16T01:12:24Z</time>
        <speed>1.666667</speed>
        <name>TP0256</name>
      </trkpt>
      <trkpt lat="35.636637524" lon="139.514093523">
        <ele>31.718</ele>
        <time>2026-07-16T01:12:29Z</time>
        <speed>1.666667</speed>
        <name>TP0257</name>
      </trkpt>
      <trkpt lat="35.636618198" lon="139.514218044">
        <ele>31.276</ele>
        <time>2026-07-16T01:12:34Z</time>
        <speed>1.944444</speed>
        <name>TP0258</name>
      </trkpt>
      <trkpt lat="35.636602787" lon="139.514334168">
        <ele>31.945</ele>
        <time>2026-07-16T01:12:39Z</time>
        <speed>1.666667</speed>
        <name>TP0259</name>
      </trkpt>
      <trkpt lat="35.636580052" lon="139.514450292">
        <ele>32.031</ele>
        <time>2026-07-16T01:12:44Z</time>
        <speed>1.666667</speed>
        <name>TP0260</name>
      </trkpt>
      <trkpt lat="35.636557900" lon="139.514550850">
        <ele>32.027</ele>
        <time>2026-07-16T01:12:49Z</time>
        <speed>1.666667</speed>
        <name>TP0261</name>
      </trkpt>
      <trkpt lat="35.636531249" lon="139.514675371">
        <ele>31.003</ele>
        <time>2026-07-16T01:12:54Z</time>
        <speed>1.666667</speed>
        <name>TP0262</name>
      </trkpt>
      <trkpt lat="35.636508591" lon="139.514792724">
        <ele>29.360</ele>
        <time>2026-07-16T01:12:59Z</time>
        <speed>1.388889</speed>
        <name>TP0263</name>
      </trkpt>
      <trkpt lat="35.636489849" lon="139.514901680">
        <ele>28.828</ele>
        <time>2026-07-16T01:13:04Z</time>
        <speed>0.833333</speed>
        <name>TP0264</name>
      </trkpt>
      <trkpt lat="35.636460451" lon="139.515003467">
        <ele>26.513</ele>
        <time>2026-07-16T01:13:09Z</time>
        <speed>1.388889</speed>
        <name>TP0265</name>
      </trkpt>
      <trkpt lat="35.636419149" lon="139.515127988">
        <ele>24.324</ele>
        <time>2026-07-16T01:13:14Z</time>
        <speed>0.833333</speed>
        <name>TP0266</name>
      </trkpt>
      <trkpt lat="35.636407653" lon="139.515235715">
        <ele>26.103</ele>
        <time>2026-07-16T01:13:19Z</time>
        <speed>0.555556</speed>
        <name>TP0267</name>
      </trkpt>
      <trkpt lat="35.636396236" lon="139.515344670">
        <ele>26.154</ele>
        <time>2026-07-16T01:13:24Z</time>
        <speed>0.833333</speed>
        <name>TP0268</name>
      </trkpt>
      <trkpt lat="35.636358186" lon="139.515475129">
        <ele>26.893</ele>
        <time>2026-07-16T01:13:29Z</time>
        <speed>1.111111</speed>
        <name>TP0269</name>
      </trkpt>
      <trkpt lat="35.636335449" lon="139.515591253">
        <ele>26.980</ele>
        <time>2026-07-16T01:13:34Z</time>
        <speed>0.833333</speed>
        <name>TP0270</name>
      </trkpt>
      <trkpt lat="35.636276087" lon="139.515707376">
        <ele>24.153</ele>
        <time>2026-07-16T01:13:39Z</time>
        <speed>0.833333</speed>
        <name>TP0271</name>
      </trkpt>
      <trkpt lat="35.636231960" lon="139.515807934">
        <ele>22.401</ele>
        <time>2026-07-16T01:13:44Z</time>
        <speed>0.833333</speed>
        <name>TP0272</name>
      </trkpt>
      <trkpt lat="35.636180351" lon="139.515906034">
        <ele>23.523</ele>
        <time>2026-07-16T01:13:49Z</time>
        <speed>0.833333</speed>
        <name>TP0273</name>
      </trkpt>
      <trkpt lat="35.636117501" lon="139.516012530">
        <ele>22.952</ele>
        <time>2026-07-16T01:13:54Z</time>
        <speed>1.388889</speed>
        <name>TP0274</name>
      </trkpt>
      <trkpt lat="35.636065892" lon="139.516110629">
        <ele>24.075</ele>
        <time>2026-07-16T01:13:59Z</time>
        <speed>1.388889</speed>
        <name>TP0275</name>
      </trkpt>
      <trkpt lat="35.636032420" lon="139.516218355">
        <ele>24.106</ele>
        <time>2026-07-16T01:14:04Z</time>
        <speed>1.111111</speed>
        <name>TP0276</name>
      </trkpt>
      <trkpt lat="35.636122210" lon="139.516277135">
        <ele>25.656</ele>
        <time>2026-07-16T01:14:09Z</time>
        <speed>1.666667</speed>
        <name>TP0277</name>
      </trkpt>
      <trkpt lat="35.636227820" lon="139.516304786">
        <ele>28.191</ele>
        <time>2026-07-16T01:14:14Z</time>
        <speed>1.666667</speed>
        <name>TP0278</name>
      </trkpt>
      <trkpt lat="35.636315955" lon="139.516308474">
        <ele>29.997</ele>
        <time>2026-07-16T01:14:19Z</time>
        <speed>1.666667</speed>
        <name>TP0279</name>
      </trkpt>
      <trkpt lat="35.636431229" lon="139.516273865">
        <ele>32.752</ele>
        <time>2026-07-16T01:14:24Z</time>
        <speed>1.666667</speed>
        <name>TP0280</name>
      </trkpt>
      <trkpt lat="35.636554083" lon="139.516139926">
        <ele>32.617</ele>
        <time>2026-07-16T01:14:29Z</time>
        <speed>3.055556</speed>
        <name>TP0281</name>
      </trkpt>
      <trkpt lat="35.636640255" lon="139.515901741">
        <ele>33.011</ele>
        <time>2026-07-16T01:14:34Z</time>
        <speed>3.611111</speed>
        <name>TP0282</name>
      </trkpt>
      <trkpt lat="35.636708367" lon="139.515655158">
        <ele>32.768</ele>
        <time>2026-07-16T01:14:39Z</time>
        <speed>3.888889</speed>
        <name>TP0283</name>
      </trkpt>
      <trkpt lat="35.636743028" lon="139.515413284">
        <ele>34.269</ele>
        <time>2026-07-16T01:14:44Z</time>
        <speed>3.888889</speed>
        <name>TP0284</name>
      </trkpt>
      <trkpt lat="35.636781584" lon="139.515266030">
        <ele>35.167</ele>
        <time>2026-07-16T01:14:49Z</time>
        <speed>1.388889</speed>
        <name>TP0285</name>
      </trkpt>
      <trkpt lat="35.636775349" lon="139.515233670">
        <ele>36.131</ele>
        <time>2026-07-16T01:14:54Z</time>
        <speed>0.555556</speed>
        <name>TP0286</name>
      </trkpt>
      <trkpt lat="35.636781097" lon="139.515179807">
        <ele>35.242</ele>
        <time>2026-07-16T01:14:59Z</time>
        <speed>0.833333</speed>
        <name>TP0287</name>
      </trkpt>
      <trkpt lat="35.636782267" lon="139.515148677">
        <ele>35.061</ele>
        <time>2026-07-16T01:15:04Z</time>
        <speed>0.833333</speed>
        <name>TP0288</name>
      </trkpt>
      <trkpt lat="35.637920426" lon="139.512472677">
        <ele>33.976</ele>
        <time>2026-07-16T03:17:51Z</time>
        <speed>0.555556</speed>
        <name>TP0289</name>
      </trkpt>
      <trkpt lat="35.637957792" lon="139.512459568">
        <ele>33.342</ele>
        <time>2026-07-16T03:17:56Z</time>
        <speed>0.277778</speed>
        <name>TP0290</name>
      </trkpt>
      <trkpt lat="35.637962876" lon="139.512420040">
        <ele>34.271</ele>
        <time>2026-07-16T03:18:01Z</time>
        <speed>1.111111</speed>
        <name>TP0291</name>
      </trkpt>
      <trkpt lat="35.637939149" lon="139.512466737">
        <ele>32.795</ele>
        <time>2026-07-16T03:18:06Z</time>
        <speed>0.277778</speed>
        <name>TP0292</name>
      </trkpt>
      <trkpt lat="35.637909692" lon="139.512464280">
        <ele>33.921</ele>
        <time>2026-07-16T03:18:11Z</time>
        <speed>0.277778</speed>
        <name>TP0293</name>
      </trkpt>
      <trkpt lat="35.637913590" lon="139.512558901">
        <ele>33.318</ele>
        <time>2026-07-16T03:18:16Z</time>
        <speed>0.000000</speed>
        <name>TP0294</name>
      </trkpt>
      <trkpt lat="35.637954383" lon="139.512451171">
        <ele>33.870</ele>
        <time>2026-07-16T03:18:21Z</time>
        <speed>0.277778</speed>
        <name>TP0295</name>
      </trkpt>
      <trkpt lat="35.637929992" lon="139.512512204">
        <ele>34.212</ele>
        <time>2026-07-16T03:18:26Z</time>
        <speed>0.555556</speed>
        <name>TP0296</name>
      </trkpt>
      <trkpt lat="35.637929992" lon="139.512512204">
        <ele>34.212</ele>
        <time>2026-07-16T03:18:31Z</time>
        <speed>0.555556</speed>
        <name>TP0297</name>
      </trkpt>
      <trkpt lat="35.637931553" lon="139.512669087">
        <ele>33.970</ele>
        <time>2026-07-16T03:18:36Z</time>
        <speed>0.277778</speed>
        <name>TP0298</name>
      </trkpt>
      <trkpt lat="35.637944624" lon="139.512615222">
        <ele>33.664</ele>
        <time>2026-07-16T03:18:41Z</time>
        <speed>0.555556</speed>
        <name>TP0299</name>
      </trkpt>
      <trkpt lat="35.637952534" lon="139.512599657">
        <ele>34.156</ele>
        <time>2026-07-16T03:18:46Z</time>
        <speed>0.277778</speed>
        <name>TP0300</name>
      </trkpt>
      <trkpt lat="35.637956040" lon="139.512506264">
        <ele>33.613</ele>
        <time>2026-07-16T03:18:51Z</time>
        <speed>0.833333</speed>
        <name>TP0301</name>
      </trkpt>
      <trkpt lat="35.637969696" lon="139.512436834">
        <ele>33.216</ele>
        <time>2026-07-16T03:18:56Z</time>
        <speed>0.277778</speed>
        <name>TP0302</name>
      </trkpt>
      <trkpt lat="35.637970864" lon="139.512405703">
        <ele>33.035</ele>
        <time>2026-07-16T03:19:01Z</time>
        <speed>1.111111</speed>
        <name>TP0303</name>
      </trkpt>
      <trkpt lat="35.637959449" lon="139.512514661">
        <ele>33.086</ele>
        <time>2026-07-16T03:19:06Z</time>
        <speed>3.333333</speed>
        <name>TP0304</name>
      </trkpt>
      <trkpt lat="35.637954871" lon="139.512537395">
        <ele>33.794</ele>
        <time>2026-07-16T03:19:11Z</time>
        <speed>0.000000</speed>
        <name>TP0305</name>
      </trkpt>
      <trkpt lat="35.637957208" lon="139.512475134">
        <ele>33.432</ele>
        <time>2026-07-16T03:19:16Z</time>
        <speed>1.944444</speed>
        <name>TP0306</name>
      </trkpt>
      <trkpt lat="35.637953118" lon="139.512584091">
        <ele>34.065</ele>
        <time>2026-07-16T03:19:21Z</time>
        <speed>0.555556</speed>
        <name>TP0307</name>
      </trkpt>
      <trkpt lat="35.637955359" lon="139.512623619">
        <ele>33.719</ele>
        <time>2026-07-16T03:19:26Z</time>
        <speed>0.555556</speed>
        <name>TP0308</name>
      </trkpt>
      <trkpt lat="35.637953214" lon="139.512482302">
        <ele>34.051</ele>
        <time>2026-07-16T03:19:31Z</time>
        <speed>0.833333</speed>
        <name>TP0309</name>
      </trkpt>
      <trkpt lat="35.637954287" lon="139.512552961">
        <ele>33.885</ele>
        <time>2026-07-16T03:19:36Z</time>
        <speed>1.111111</speed>
        <name>TP0310</name>
      </trkpt>
      <trkpt lat="35.637954287" lon="139.512552961">
        <ele>33.885</ele>
        <time>2026-07-16T03:19:41Z</time>
        <speed>0.000000</speed>
        <name>TP0311</name>
      </trkpt>
      <trkpt lat="35.637954871" lon="139.512537395">
        <ele>33.794</ele>
        <time>2026-07-16T03:19:46Z</time>
        <speed>0.000000</speed>
        <name>TP0312</name>
      </trkpt>
      <trkpt lat="35.637948618" lon="139.512608054">
        <ele>33.045</ele>
        <time>2026-07-16T03:19:51Z</time>
        <speed>0.555556</speed>
        <name>TP0313</name>
      </trkpt>
      <trkpt lat="35.637954287" lon="139.512552961">
        <ele>33.885</ele>
        <time>2026-07-16T03:19:56Z</time>
        <speed>0.277778</speed>
        <name>TP0314</name>
      </trkpt>
      <trkpt lat="35.637953798" lon="139.512466737">
        <ele>33.960</ele>
        <time>2026-07-16T03:20:01Z</time>
        <speed>0.555556</speed>
        <name>TP0315</name>
      </trkpt>
      <trkpt lat="35.637929992" lon="139.512512204">
        <ele>34.212</ele>
        <time>2026-07-16T03:20:06Z</time>
        <speed>0.277778</speed>
        <name>TP0316</name>
      </trkpt>
      <trkpt lat="35.637945401" lon="139.512396078">
        <ele>33.543</ele>
        <time>2026-07-16T03:20:11Z</time>
        <speed>1.388889</speed>
        <name>TP0317</name>
      </trkpt>
      <trkpt lat="35.637986081" lon="139.512493156">
        <ele>32.397</ele>
        <time>2026-07-16T03:20:16Z</time>
        <speed>0.000000</speed>
        <name>TP0318</name>
      </trkpt>
      <trkpt lat="35.637955455" lon="139.512521830">
        <ele>33.704</ele>
        <time>2026-07-16T03:20:21Z</time>
        <speed>0.555556</speed>
        <name>TP0319</name>
      </trkpt>
      <trkpt lat="35.637952630" lon="139.512497867">
        <ele>34.141</ele>
        <time>2026-07-16T03:20:26Z</time>
        <speed>3.611111</speed>
        <name>TP0320</name>
      </trkpt>
      <trkpt lat="35.637954871" lon="139.512537395">
        <ele>33.794</ele>
        <time>2026-07-16T03:20:31Z</time>
        <speed>0.277778</speed>
        <name>TP0321</name>
      </trkpt>
      <trkpt lat="35.637956335" lon="139.512796067">
        <ele>33.568</ele>
        <time>2026-07-16T03:20:36Z</time>
        <speed>0.555556</speed>
        <name>TP0322</name>
      </trkpt>
      <trkpt lat="35.637985008" lon="139.512422497">
        <ele>32.563</ele>
        <time>2026-07-16T03:20:41Z</time>
        <speed>0.277778</speed>
        <name>TP0323</name>
      </trkpt>
      <trkpt lat="35.637954775" lon="139.512639185">
        <ele>33.809</ele>
        <time>2026-07-16T03:20:46Z</time>
        <speed>0.000000</speed>
        <name>TP0324</name>
      </trkpt>
      <trkpt lat="35.637967262" lon="139.512600885">
        <ele>33.593</ele>
        <time>2026-07-16T03:20:51Z</time>
        <speed>0.000000</speed>
        <name>TP0325</name>
      </trkpt>
      <trkpt lat="35.637940630" lon="139.512622391">
        <ele>34.282</ele>
        <time>2026-07-16T03:20:56Z</time>
        <speed>0.277778</speed>
        <name>TP0326</name>
      </trkpt>
      <trkpt lat="35.637957112" lon="139.512576923">
        <ele>33.447</ele>
        <time>2026-07-16T03:21:01Z</time>
        <speed>0.000000</speed>
        <name>TP0327</name>
      </trkpt>
      <trkpt lat="35.637969599" lon="139.512538624">
        <ele>33.231</ele>
        <time>2026-07-16T03:21:06Z</time>
        <speed>0.000000</speed>
        <name>TP0328</name>
      </trkpt>
      <trkpt lat="35.637930480" lon="139.512598428">
        <ele>34.136</ele>
        <time>2026-07-16T03:22:04Z</time>
        <speed>0.277778</speed>
        <name>TP0329</name>
      </trkpt>
      <trkpt lat="35.637967943" lon="139.512483530">
        <ele>33.487</ele>
        <time>2026-07-16T03:22:09Z</time>
        <speed>1.944444</speed>
        <name>TP0330</name>
      </trkpt>
      <trkpt lat="35.637978581" lon="139.512593717">
        <ele>33.557</ele>
        <time>2026-07-16T03:22:15Z</time>
        <speed>0.000000</speed>
        <name>TP0331</name>
      </trkpt>
      <trkpt lat="35.637964533" lon="139.512475134">
        <ele>34.015</ele>
        <time>2026-07-16T03:22:20Z</time>
        <speed>0.000000</speed>
        <name>TP0332</name>
      </trkpt>
      <trkpt lat="35.637952630" lon="139.512497867">
        <ele>34.141</ele>
        <time>2026-07-16T03:22:25Z</time>
        <speed>0.277778</speed>
        <name>TP0333</name>
      </trkpt>
      <trkpt lat="35.637956624" lon="139.512490699">
        <ele>33.523</ele>
        <time>2026-07-16T03:22:30Z</time>
        <speed>0.555556</speed>
        <name>TP0334</name>
      </trkpt>
      <trkpt lat="35.637958281" lon="139.512545792">
        <ele>33.266</ele>
        <time>2026-07-16T03:22:35Z</time>
        <speed>0.555556</speed>
        <name>TP0335</name>
      </trkpt>
      <trkpt lat="35.637958184" lon="139.512647582">
        <ele>33.281</ele>
        <time>2026-07-16T03:22:40Z</time>
        <speed>0.277778</speed>
        <name>TP0336</name>
      </trkpt>
      <trkpt lat="35.637944624" lon="139.512615222">
        <ele>33.664</ele>
        <time>2026-07-16T03:22:45Z</time>
        <speed>0.000000</speed>
        <name>TP0337</name>
      </trkpt>
      <trkpt lat="35.637954871" lon="139.512537395">
        <ele>33.794</ele>
        <time>2026-07-16T03:22:50Z</time>
        <speed>0.277778</speed>
        <name>TP0338</name>
      </trkpt>
      <trkpt lat="35.637949220" lon="139.512489470">
        <ele>34.669</ele>
        <time>2026-07-16T03:22:55Z</time>
        <speed>0.000000</speed>
        <name>TP0339</name>
      </trkpt>
      <trkpt lat="35.637938974" lon="139.512567298">
        <ele>34.538</ele>
        <time>2026-07-16T03:23:00Z</time>
        <speed>0.277778</speed>
        <name>TP0340</name>
      </trkpt>
      <trkpt lat="35.637955455" lon="139.512521830">
        <ele>33.704</ele>
        <time>2026-07-16T03:23:05Z</time>
        <speed>0.000000</speed>
        <name>TP0341</name>
      </trkpt>
      <trkpt lat="35.637963949" lon="139.512490699">
        <ele>34.105</ele>
        <time>2026-07-16T03:23:10Z</time>
        <speed>0.555556</speed>
        <name>TP0342</name>
      </trkpt>
      <trkpt lat="35.637971352" lon="139.512491927">
        <ele>32.960</ele>
        <time>2026-07-16T03:23:15Z</time>
        <speed>0.555556</speed>
        <name>TP0343</name>
      </trkpt>
      <trkpt lat="35.637971352" lon="139.512491927">
        <ele>32.960</ele>
        <time>2026-07-16T03:23:20Z</time>
        <speed>0.277778</speed>
        <name>TP0344</name>
      </trkpt>
      <trkpt lat="35.637952046" lon="139.512513433">
        <ele>34.231</ele>
        <time>2026-07-16T03:23:25Z</time>
        <speed>0.833333</speed>
        <name>TP0345</name>
      </trkpt>
      <trkpt lat="35.637941799" lon="139.512591260">
        <ele>34.101</ele>
        <time>2026-07-16T03:23:30Z</time>
        <speed>0.833333</speed>
        <name>TP0346</name>
      </trkpt>
      <trkpt lat="35.637966190" lon="139.512530227">
        <ele>33.759</ele>
        <time>2026-07-16T03:23:35Z</time>
        <speed>1.944444</speed>
        <name>TP0347</name>
      </trkpt>
      <trkpt lat="35.637958865" lon="139.512530227">
        <ele>33.176</ele>
        <time>2026-07-16T03:23:40Z</time>
        <speed>1.111111</speed>
        <name>TP0348</name>
      </trkpt>
      <trkpt lat="35.637976340" lon="139.512554189">
        <ele>33.904</ele>
        <time>2026-07-16T03:23:45Z</time>
        <speed>0.555556</speed>
        <name>TP0349</name>
      </trkpt>
      <trkpt lat="35.637928239" lon="139.512558901">
        <ele>34.483</ele>
        <time>2026-07-16T03:23:50Z</time>
        <speed>0.000000</speed>
        <name>TP0350</name>
      </trkpt>
      <trkpt lat="35.637992821" lon="139.512508721">
        <ele>33.070</ele>
        <time>2026-07-16T03:23:55Z</time>
        <speed>0.555556</speed>
        <name>TP0351</name>
      </trkpt>
      <trkpt lat="35.637980334" lon="139.512547021">
        <ele>33.286</ele>
        <time>2026-07-16T03:24:00Z</time>
        <speed>0.277778</speed>
        <name>TP0352</name>
      </trkpt>
      <trkpt lat="35.637957112" lon="139.512576923">
        <ele>33.447</ele>
        <time>2026-07-16T03:24:05Z</time>
        <speed>1.111111</speed>
        <name>TP0353</name>
      </trkpt>
      <trkpt lat="35.637968431" lon="139.512569754">
        <ele>33.412</ele>
        <time>2026-07-16T03:24:10Z</time>
        <speed>0.277778</speed>
        <name>TP0354</name>
      </trkpt>
      <trkpt lat="35.637966774" lon="139.512514661">
        <ele>33.668</ele>
        <time>2026-07-16T03:24:15Z</time>
        <speed>0.000000</speed>
        <name>TP0355</name>
      </trkpt>
      <trkpt lat="35.637962780" lon="139.512521830">
        <ele>34.286</ele>
        <time>2026-07-16T03:24:20Z</time>
        <speed>0.277778</speed>
        <name>TP0356</name>
      </trkpt>
      <trkpt lat="35.637957112" lon="139.512576923">
        <ele>33.447</ele>
        <time>2026-07-16T03:24:25Z</time>
        <speed>0.277778</speed>
        <name>TP0357</name>
      </trkpt>
      <trkpt lat="35.637957696" lon="139.512561358">
        <ele>33.357</ele>
        <time>2026-07-16T03:24:30Z</time>
        <speed>0.555556</speed>
        <name>TP0358</name>
      </trkpt>
      <trkpt lat="35.637983744" lon="139.512555418">
        <ele>32.758</ele>
        <time>2026-07-16T03:24:35Z</time>
        <speed>0.000000</speed>
        <name>TP0359</name>
      </trkpt>
      <trkpt lat="35.637946377" lon="139.512568526">
        <ele>33.392</ele>
        <time>2026-07-16T03:24:40Z</time>
        <speed>0.000000</speed>
        <name>TP0360</name>
      </trkpt>
      <trkpt lat="35.637957696" lon="139.512561358">
        <ele>33.357</ele>
        <time>2026-07-16T03:24:45Z</time>
        <speed>0.555556</speed>
        <name>TP0361</name>
      </trkpt>
      <trkpt lat="35.637945793" lon="139.512584091">
        <ele>33.483</ele>
        <time>2026-07-16T03:24:50Z</time>
        <speed>1.388889</speed>
        <name>TP0362</name>
      </trkpt>
      <trkpt lat="35.637983744" lon="139.512555418">
        <ele>32.758</ele>
        <time>2026-07-16T03:24:55Z</time>
        <speed>1.111111</speed>
        <name>TP0363</name>
      </trkpt>
      <trkpt lat="35.637972521" lon="139.512460797">
        <ele>32.779</ele>
        <time>2026-07-16T03:25:00Z</time>
        <speed>1.388889</speed>
        <name>TP0364</name>
      </trkpt>
      <trkpt lat="35.638018869" lon="139.512502781">
        <ele>32.471</ele>
        <time>2026-07-16T03:25:05Z</time>
        <speed>1.388889</speed>
        <name>TP0365</name>
      </trkpt>
      <trkpt lat="35.637977997" lon="139.512609282">
        <ele>33.648</ele>
        <time>2026-07-16T03:25:10Z</time>
        <speed>2.222222</speed>
        <name>TP0366</name>
      </trkpt>
      <trkpt lat="35.637993309" lon="139.512594945">
        <ele>32.994</ele>
        <time>2026-07-16T03:25:15Z</time>
        <speed>0.833333</speed>
        <name>TP0367</name>
      </trkpt>
      <trkpt lat="35.637990484" lon="139.512570983">
        <ele>33.431</ele>
        <time>2026-07-16T03:25:20Z</time>
        <speed>0.277778</speed>
        <name>TP0368</name>
      </trkpt>
      <trkpt lat="35.638009207" lon="139.512565043">
        <ele>32.250</ele>
        <time>2026-07-16T03:25:25Z</time>
        <speed>0.277778</speed>
        <name>TP0369</name>
      </trkpt>
      <trkpt lat="35.637991653" lon="139.512539852">
        <ele>33.251</ele>
        <time>2026-07-16T03:25:30Z</time>
        <speed>0.277778</speed>
        <name>TP0370</name>
      </trkpt>
      <trkpt lat="35.637990484" lon="139.512570983">
        <ele>33.431</ele>
        <time>2026-07-16T03:25:35Z</time>
        <speed>0.000000</speed>
        <name>TP0371</name>
      </trkpt>
      <trkpt lat="35.637984424" lon="139.512438063">
        <ele>32.653</ele>
        <time>2026-07-16T03:25:40Z</time>
        <speed>2.222222</speed>
        <name>TP0372</name>
      </trkpt>
      <trkpt lat="35.637933697" lon="139.512810404">
        <ele>33.638</ele>
        <time>2026-07-16T03:25:45Z</time>
        <speed>0.000000</speed>
        <name>TP0373</name>
      </trkpt>
      <trkpt lat="35.637941703" lon="139.512693049">
        <ele>34.116</ele>
        <time>2026-07-16T03:25:50Z</time>
        <speed>0.000000</speed>
        <name>TP0374</name>
      </trkpt>
      <trkpt lat="35.637944432" lon="139.512818801">
        <ele>33.693</ele>
        <time>2026-07-16T03:25:55Z</time>
        <speed>0.555556</speed>
        <name>TP0375</name>
      </trkpt>
      <trkpt lat="35.637942775" lon="139.512763708">
        <ele>33.950</ele>
        <time>2026-07-16T03:26:00Z</time>
        <speed>0.000000</speed>
        <name>TP0376</name>
      </trkpt>
      <trkpt lat="35.637945697" lon="139.512685881">
        <ele>33.498</ele>
        <time>2026-07-16T03:26:05Z</time>
        <speed>0.000000</speed>
        <name>TP0377</name>
      </trkpt>
      <trkpt lat="35.637943847" lon="139.512834367">
        <ele>33.784</ele>
        <time>2026-07-16T03:26:10Z</time>
        <speed>0.555556</speed>
        <name>TP0378</name>
      </trkpt>
      <trkpt lat="35.637953702" lon="139.512568526">
        <ele>33.975</ele>
        <time>2026-07-16T03:26:15Z</time>
        <speed>0.833333</speed>
        <name>TP0379</name>
      </trkpt>
      <trkpt lat="35.637954871" lon="139.512537395">
        <ele>33.794</ele>
        <time>2026-07-16T03:26:20Z</time>
        <speed>0.277778</speed>
        <name>TP0380</name>
      </trkpt>
      <trkpt lat="35.637948130" lon="139.512521830">
        <ele>33.121</ele>
        <time>2026-07-16T03:26:25Z</time>
        <speed>0.277778</speed>
        <name>TP0381</name>
      </trkpt>
      <trkpt lat="35.638035175" lon="139.512557874">
        <ele>33.380</ele>
        <time>2026-07-16T03:26:30Z</time>
        <speed>0.555556</speed>
        <name>TP0382</name>
      </trkpt>
      <trkpt lat="35.638020622" lon="139.512456085">
        <ele>32.200</ele>
        <time>2026-07-16T03:26:35Z</time>
        <speed>1.111111</speed>
        <name>TP0383</name>
      </trkpt>
      <trkpt lat="35.638036248" lon="139.512628533">
        <ele>33.214</ele>
        <time>2026-07-16T03:26:40Z</time>
        <speed>0.833333</speed>
        <name>TP0384</name>
      </trkpt>
      <trkpt lat="35.637914758" lon="139.512527770">
        <ele>33.137</ele>
        <time>2026-07-16T03:26:45Z</time>
        <speed>0.000000</speed>
        <name>TP0385</name>
      </trkpt>
      <trkpt lat="35.637889783" lon="139.512604368">
        <ele>33.570</ele>
        <time>2026-07-16T03:26:50Z</time>
        <speed>0.000000</speed>
        <name>TP0386</name>
      </trkpt>
      <trkpt lat="35.637976924" lon="139.512538624">
        <ele>33.814</ele>
        <time>2026-07-16T03:26:55Z</time>
        <speed>0.000000</speed>
        <name>TP0387</name>
      </trkpt>
      <trkpt lat="35.637923155" lon="139.512598428">
        <ele>33.554</ele>
        <time>2026-07-16T03:27:00Z</time>
        <speed>0.555556</speed>
        <name>TP0388</name>
      </trkpt>
      <trkpt lat="35.637968431" lon="139.512569754">
        <ele>33.412</ele>
        <time>2026-07-16T03:27:05Z</time>
        <speed>0.833333</speed>
        <name>TP0389</name>
      </trkpt>
      <trkpt lat="35.637958865" lon="139.512530227">
        <ele>33.176</ele>
        <time>2026-07-16T03:27:10Z</time>
        <speed>0.000000</speed>
        <name>TP0390</name>
      </trkpt>
      <trkpt lat="35.637957696" lon="139.512561358">
        <ele>33.357</ele>
        <time>2026-07-16T03:27:15Z</time>
        <speed>1.111111</speed>
        <name>TP0391</name>
      </trkpt>
      <trkpt lat="35.637866657" lon="139.512532481">
        <ele>33.716</ele>
        <time>2026-07-16T03:27:20Z</time>
        <speed>1.666667</speed>
        <name>TP0392</name>
      </trkpt>
      <trkpt lat="35.637987659" lon="139.512547021">
        <ele>33.869</ele>
        <time>2026-07-16T03:27:25Z</time>
        <speed>0.833333</speed>
        <name>TP0393</name>
      </trkpt>
      <trkpt lat="35.637922763" lon="139.512410415">
        <ele>33.614</ele>
        <time>2026-07-16T03:27:30Z</time>
        <speed>0.833333</speed>
        <name>TP0394</name>
      </trkpt>
      <trkpt lat="35.637984328" lon="139.512539852">
        <ele>32.668</ele>
        <time>2026-07-16T03:27:35Z</time>
        <speed>0.277778</speed>
        <name>TP0395</name>
      </trkpt>
      <trkpt lat="35.637954775" lon="139.512639185">
        <ele>33.809</ele>
        <time>2026-07-16T03:27:40Z</time>
        <speed>2.500000</speed>
        <name>TP0396</name>
      </trkpt>
      <trkpt lat="35.638003068" lon="139.512430894">
        <ele>33.200</ele>
        <time>2026-07-16T03:27:45Z</time>
        <speed>0.000000</speed>
        <name>TP0397</name>
      </trkpt>
      <trkpt lat="35.637956624" lon="139.512490699">
        <ele>33.523</ele>
        <time>2026-07-16T03:27:50Z</time>
        <speed>0.277778</speed>
        <name>TP0398</name>
      </trkpt>
      <trkpt lat="35.637944233" lon="139.512427209">
        <ele>33.724</ele>
        <time>2026-07-16T03:27:55Z</time>
        <speed>0.555556</speed>
        <name>TP0399</name>
      </trkpt>
      <trkpt lat="35.637946474" lon="139.512466737">
        <ele>33.377</ele>
        <time>2026-07-16T03:28:00Z</time>
        <speed>0.555556</speed>
        <name>TP0400</name>
      </trkpt>
      <trkpt lat="35.637970768" lon="139.512507493">
        <ele>33.050</ele>
        <time>2026-07-16T03:28:05Z</time>
        <speed>0.277778</speed>
        <name>TP0401</name>
      </trkpt>
      <trkpt lat="35.637963949" lon="139.512490699">
        <ele>34.105</ele>
        <time>2026-07-16T03:28:10Z</time>
        <speed>0.555556</speed>
        <name>TP0402</name>
      </trkpt>
      <trkpt lat="35.637964533" lon="139.512475134">
        <ele>34.015</ele>
        <time>2026-07-16T03:28:15Z</time>
        <speed>0.277778</speed>
        <name>TP0403</name>
      </trkpt>
      <trkpt lat="35.637958769" lon="139.512632016">
        <ele>33.191</ele>
        <time>2026-07-16T03:28:20Z</time>
        <speed>0.833333</speed>
        <name>TP0404</name>
      </trkpt>
      <trkpt lat="35.637964533" lon="139.512475134">
        <ele>34.015</ele>
        <time>2026-07-16T03:28:25Z</time>
        <speed>0.277778</speed>
        <name>TP0405</name>
      </trkpt>
      <trkpt lat="35.637957208" lon="139.512475134">
        <ele>33.432</ele>
        <time>2026-07-16T03:28:30Z</time>
        <speed>0.000000</speed>
        <name>TP0406</name>
      </trkpt>
      <trkpt lat="35.637970087" lon="139.512624848">
        <ele>33.155</ele>
        <time>2026-07-16T03:28:35Z</time>
        <speed>0.000000</speed>
        <name>TP0407</name>
      </trkpt>
      <trkpt lat="35.637958672" lon="139.512733806">
        <ele>33.206</ele>
        <time>2026-07-16T03:28:40Z</time>
        <speed>0.277778</speed>
        <name>TP0408</name>
      </trkpt>
      <trkpt lat="35.637955263" lon="139.512725409">
        <ele>33.733</ele>
        <time>2026-07-16T03:28:45Z</time>
        <speed>0.277778</speed>
        <name>TP0409</name>
      </trkpt>
      <trkpt lat="35.637909011" lon="139.512581635">
        <ele>34.026</ele>
        <time>2026-07-16T03:28:50Z</time>
        <speed>0.555556</speed>
        <name>TP0410</name>
      </trkpt>
      <trkpt lat="35.637933794" lon="139.512708615">
        <ele>33.624</ele>
        <time>2026-07-16T03:28:55Z</time>
        <speed>0.000000</speed>
        <name>TP0411</name>
      </trkpt>
      <trkpt lat="35.637923155" lon="139.512598428">
        <ele>33.554</ele>
        <time>2026-07-16T03:29:00Z</time>
        <speed>0.000000</speed>
        <name>TP0412</name>
      </trkpt>
      <trkpt lat="35.637943552" lon="139.512544564">
        <ele>33.830</ele>
        <time>2026-07-16T03:29:05Z</time>
        <speed>0.833333</speed>
        <name>TP0413</name>
      </trkpt>
      <trkpt lat="35.637931649" lon="139.512567298">
        <ele>33.955</ele>
        <time>2026-07-16T03:29:10Z</time>
        <speed>0.277778</speed>
        <name>TP0414</name>
      </trkpt>
      <trkpt lat="35.637945209" lon="139.512599657">
        <ele>33.573</ele>
        <time>2026-07-16T03:29:15Z</time>
        <speed>0.000000</speed>
        <name>TP0415</name>
      </trkpt>
      <trkpt lat="35.637958769" lon="139.512632016">
        <ele>33.191</ele>
        <time>2026-07-16T03:29:20Z</time>
        <speed>0.277778</speed>
        <name>TP0416</name>
      </trkpt>
      <trkpt lat="35.637953702" lon="139.512568526">
        <ele>33.975</ele>
        <time>2026-07-16T03:29:25Z</time>
        <speed>0.277778</speed>
        <name>TP0417</name>
      </trkpt>
      <trkpt lat="35.637957696" lon="139.512561358">
        <ele>33.357</ele>
        <time>2026-07-16T03:29:30Z</time>
        <speed>0.277778</speed>
        <name>TP0418</name>
      </trkpt>
      <trkpt lat="35.637959545" lon="139.512412872">
        <ele>33.071</ele>
        <time>2026-07-16T03:29:35Z</time>
        <speed>0.277778</speed>
        <name>TP0419</name>
      </trkpt>
      <trkpt lat="35.637979846" lon="139.512460797">
        <ele>33.362</ele>
        <time>2026-07-16T03:29:40Z</time>
        <speed>0.555556</speed>
        <name>TP0420</name>
      </trkpt>
      <trkpt lat="35.637954383" lon="139.512451171">
        <ele>33.870</ele>
        <time>2026-07-16T03:29:45Z</time>
        <speed>1.388889</speed>
        <name>TP0421</name>
      </trkpt>
      <trkpt lat="35.637955359" lon="139.512623619">
        <ele>33.719</ele>
        <time>2026-07-16T03:29:50Z</time>
        <speed>0.000000</speed>
        <name>TP0422</name>
      </trkpt>
      <trkpt lat="35.637932425" lon="139.512348153">
        <ele>33.835</ele>
        <time>2026-07-16T03:29:55Z</time>
        <speed>0.555556</speed>
        <name>TP0423</name>
      </trkpt>
      <trkpt lat="35.637954967" lon="139.512435606">
        <ele>33.779</ele>
        <time>2026-07-16T03:30:00Z</time>
        <speed>1.666667</speed>
        <name>TP0424</name>
      </trkpt>
      <trkpt lat="35.637957208" lon="139.512475134">
        <ele>33.432</ele>
        <time>2026-07-16T03:30:05Z</time>
        <speed>0.277778</speed>
        <name>TP0425</name>
      </trkpt>
      <trkpt lat="35.637967943" lon="139.512483530">
        <ele>33.487</ele>
        <time>2026-07-16T03:30:10Z</time>
        <speed>0.555556</speed>
        <name>TP0426</name>
      </trkpt>
      <trkpt lat="35.637957112" lon="139.512576923">
        <ele>33.447</ele>
        <time>2026-07-16T03:30:15Z</time>
        <speed>0.555556</speed>
        <name>TP0427</name>
      </trkpt>
      <trkpt lat="35.637957504" lon="139.512764936">
        <ele>33.387</ele>
        <time>2026-07-16T03:30:26Z</time>
        <speed>0.277778</speed>
        <name>TP0428</name>
      </trkpt>
      <trkpt lat="35.637954678" lon="139.512740974">
        <ele>33.824</ele>
        <time>2026-07-16T03:30:31Z</time>
        <speed>0.000000</speed>
        <name>TP0429</name>
      </trkpt>
      <trkpt lat="35.637944624" lon="139.512615222">
        <ele>33.664</ele>
        <time>2026-07-16T03:30:36Z</time>
        <speed>0.000000</speed>
        <name>TP0430</name>
      </trkpt>
      <trkpt lat="35.637954190" lon="139.512654750">
        <ele>33.899</ele>
        <time>2026-07-16T03:30:41Z</time>
        <speed>0.000000</speed>
        <name>TP0431</name>
      </trkpt>
      <trkpt lat="35.637969503" lon="139.512640413">
        <ele>33.246</ele>
        <time>2026-07-16T03:30:46Z</time>
        <speed>0.833333</speed>
        <name>TP0432</name>
      </trkpt>
      <trkpt lat="35.637965605" lon="139.512545792">
        <ele>33.849</ele>
        <time>2026-07-16T03:30:51Z</time>
        <speed>0.833333</speed>
        <name>TP0433</name>
      </trkpt>
      <trkpt lat="35.637952630" lon="139.512497867">
        <ele>34.141</ele>
        <time>2026-07-16T03:30:56Z</time>
        <speed>0.000000</speed>
        <name>TP0434</name>
      </trkpt>
      <trkpt lat="35.637944721" lon="139.512513433">
        <ele>33.649</ele>
        <time>2026-07-16T03:31:01Z</time>
        <speed>0.277778</speed>
        <name>TP0435</name>
      </trkpt>
      <trkpt lat="35.637946377" lon="139.512568526">
        <ele>33.392</ele>
        <time>2026-07-16T03:31:06Z</time>
        <speed>0.277778</speed>
        <name>TP0436</name>
      </trkpt>
      <trkpt lat="35.637943552" lon="139.512544564">
        <ele>33.830</ele>
        <time>2026-07-16T03:31:11Z</time>
        <speed>0.000000</speed>
        <name>TP0437</name>
      </trkpt>
      <trkpt lat="35.637943552" lon="139.512544564">
        <ele>33.830</ele>
        <time>2026-07-16T03:31:16Z</time>
        <speed>0.555556</speed>
        <name>TP0438</name>
      </trkpt>
      <trkpt lat="35.637945697" lon="139.512685881">
        <ele>33.498</ele>
        <time>2026-07-16T03:31:21Z</time>
        <speed>0.277778</speed>
        <name>TP0439</name>
      </trkpt>
      <trkpt lat="35.637942383" lon="139.512575695">
        <ele>34.010</ele>
        <time>2026-07-16T03:31:26Z</time>
        <speed>0.277778</speed>
        <name>TP0440</name>
      </trkpt>
      <trkpt lat="35.637944136" lon="139.512528998">
        <ele>33.739</ele>
        <time>2026-07-16T03:31:31Z</time>
        <speed>0.000000</speed>
        <name>TP0441</name>
      </trkpt>
      <trkpt lat="35.637944136" lon="139.512528998">
        <ele>33.739</ele>
        <time>2026-07-16T03:31:36Z</time>
        <speed>0.277778</speed>
        <name>TP0442</name>
      </trkpt>
      <trkpt lat="35.637942576" lon="139.512372116">
        <ele>33.981</ele>
        <time>2026-07-16T03:31:41Z</time>
        <speed>0.000000</speed>
        <name>TP0443</name>
      </trkpt>
      <trkpt lat="35.637942383" lon="139.512575695">
        <ele>34.010</ele>
        <time>2026-07-16T03:31:46Z</time>
        <speed>0.277778</speed>
        <name>TP0444</name>
      </trkpt>
      <trkpt lat="35.637945793" lon="139.512584091">
        <ele>33.483</ele>
        <time>2026-07-16T03:31:51Z</time>
        <speed>0.277778</speed>
        <name>TP0445</name>
      </trkpt>
      <trkpt lat="35.637946281" lon="139.512670315">
        <ele>33.407</ele>
        <time>2026-07-16T03:31:56Z</time>
        <speed>0.277778</speed>
        <name>TP0446</name>
      </trkpt>
      <trkpt lat="35.637933986" lon="139.512505036">
        <ele>33.594</ele>
        <time>2026-07-16T03:32:01Z</time>
        <speed>1.944444</speed>
        <name>TP0447</name>
      </trkpt>
      <trkpt lat="35.637918673" lon="139.512519373">
        <ele>34.247</ele>
        <time>2026-07-16T03:32:38Z</time>
        <speed>0.555556</speed>
        <name>TP0448</name>
      </trkpt>
      <trkpt lat="35.637944136" lon="139.512528998">
        <ele>33.739</ele>
        <time>2026-07-16T03:32:45Z</time>
        <speed>0.277778</speed>
        <name>TP0449</name>
      </trkpt>
      <trkpt lat="35.637965605" lon="139.512545792">
        <ele>33.849</ele>
        <time>2026-07-16T03:32:50Z</time>
        <speed>0.277778</speed>
        <name>TP0450</name>
      </trkpt>
      <trkpt lat="35.637954287" lon="139.512552961">
        <ele>33.885</ele>
        <time>2026-07-16T03:32:56Z</time>
        <speed>0.833333</speed>
        <name>TP0451</name>
      </trkpt>
      <trkpt lat="35.637933498" lon="139.512418812">
        <ele>33.669</ele>
        <time>2026-07-16T03:33:01Z</time>
        <speed>0.277778</speed>
        <name>TP0452</name>
      </trkpt>
      <trkpt lat="35.637944136" lon="139.512528998">
        <ele>33.739</ele>
        <time>2026-07-16T03:33:06Z</time>
        <speed>1.111111</speed>
        <name>TP0453</name>
      </trkpt>
      <trkpt lat="35.637931161" lon="139.512481074">
        <ele>34.031</ele>
        <time>2026-07-16T03:33:11Z</time>
        <speed>0.000000</speed>
        <name>TP0454</name>
      </trkpt>
      <trkpt lat="35.637954871" lon="139.512537395">
        <ele>33.794</ele>
        <time>2026-07-16T03:33:16Z</time>
        <speed>0.555556</speed>
        <name>TP0455</name>
      </trkpt>
      <trkpt lat="35.637933306" lon="139.512622391">
        <ele>33.699</ele>
        <time>2026-07-16T03:33:21Z</time>
        <speed>0.277778</speed>
        <name>TP0456</name>
      </trkpt>
      <trkpt lat="35.637936131" lon="139.512646353">
        <ele>33.262</ele>
        <time>2026-07-16T03:33:26Z</time>
        <speed>0.000000</speed>
        <name>TP0457</name>
      </trkpt>
      <trkpt lat="35.637932721" lon="139.512637956">
        <ele>33.789</ele>
        <time>2026-07-16T03:33:31Z</time>
        <speed>0.277778</speed>
        <name>TP0458</name>
      </trkpt>
      <trkpt lat="35.637942968" lon="139.512560129">
        <ele>33.920</ele>
        <time>2026-07-16T03:33:36Z</time>
        <speed>0.833333</speed>
        <name>TP0459</name>
      </trkpt>
      <trkpt lat="35.637956040" lon="139.512506264">
        <ele>33.613</ele>
        <time>2026-07-16T03:33:41Z</time>
        <speed>1.111111</speed>
        <name>TP0460</name>
      </trkpt>
      <trkpt lat="35.637934474" lon="139.512591260">
        <ele>33.518</ele>
        <time>2026-07-16T03:33:46Z</time>
        <speed>1.388889</speed>
        <name>TP0461</name>
      </trkpt>
      <trkpt lat="35.637932137" lon="139.512653522">
        <ele>33.880</ele>
        <time>2026-07-16T03:33:51Z</time>
        <speed>0.555556</speed>
        <name>TP0462</name>
      </trkpt>
      <trkpt lat="35.637933986" lon="139.512505036">
        <ele>33.594</ele>
        <time>2026-07-16T03:33:56Z</time>
        <speed>0.277778</speed>
        <name>TP0463</name>
      </trkpt>
      <trkpt lat="35.637932721" lon="139.512637956">
        <ele>33.789</ele>
        <time>2026-07-16T03:34:01Z</time>
        <speed>0.000000</speed>
        <name>TP0464</name>
      </trkpt>
      <trkpt lat="35.637933306" lon="139.512622391">
        <ele>33.699</ele>
        <time>2026-07-16T03:34:06Z</time>
        <speed>0.000000</speed>
        <name>TP0465</name>
      </trkpt>
      <trkpt lat="35.637933306" lon="139.512622391">
        <ele>33.699</ele>
        <time>2026-07-16T03:34:11Z</time>
        <speed>0.277778</speed>
        <name>TP0466</name>
      </trkpt>
      <trkpt lat="35.637935059" lon="139.512575695">
        <ele>33.428</ele>
        <time>2026-07-16T03:34:16Z</time>
        <speed>0.277778</speed>
        <name>TP0467</name>
      </trkpt>
      <trkpt lat="35.637935059" lon="139.512575695">
        <ele>33.428</ele>
        <time>2026-07-16T03:34:21Z</time>
        <speed>0.000000</speed>
        <name>TP0468</name>
      </trkpt>
      <trkpt lat="35.637935059" lon="139.512575695">
        <ele>33.428</ele>
        <time>2026-07-16T03:34:26Z</time>
        <speed>0.833333</speed>
        <name>TP0469</name>
      </trkpt>
      <trkpt lat="35.637933890" lon="139.512606825">
        <ele>33.609</ele>
        <time>2026-07-16T03:34:31Z</time>
        <speed>0.277778</speed>
        <name>TP0470</name>
      </trkpt>
      <trkpt lat="35.637933306" lon="139.512622391">
        <ele>33.699</ele>
        <time>2026-07-16T03:34:36Z</time>
        <speed>0.555556</speed>
        <name>TP0471</name>
      </trkpt>
      <trkpt lat="35.637942775" lon="139.512763708">
        <ele>33.950</ele>
        <time>2026-07-16T03:34:41Z</time>
        <speed>0.555556</speed>
        <name>TP0472</name>
      </trkpt>
      <trkpt lat="35.637935059" lon="139.512575695">
        <ele>33.428</ele>
        <time>2026-07-16T03:34:46Z</time>
        <speed>0.555556</speed>
        <name>TP0473</name>
      </trkpt>
      <trkpt lat="35.637936227" lon="139.512544564">
        <ele>33.247</ele>
        <time>2026-07-16T03:34:51Z</time>
        <speed>0.277778</speed>
        <name>TP0474</name>
      </trkpt>
      <trkpt lat="35.637942968" lon="139.512560129">
        <ele>33.920</ele>
        <time>2026-07-16T03:34:56Z</time>
        <speed>0.277778</speed>
        <name>TP0475</name>
      </trkpt>
      <trkpt lat="35.637934570" lon="139.512489470">
        <ele>33.503</ele>
        <time>2026-07-16T03:35:01Z</time>
        <speed>0.555556</speed>
        <name>TP0476</name>
      </trkpt>
      <trkpt lat="35.637942871" lon="139.512661919">
        <ele>33.935</ele>
        <time>2026-07-16T03:35:06Z</time>
        <speed>0.000000</speed>
        <name>TP0477</name>
      </trkpt>
      <trkpt lat="35.637941311" lon="139.512505036">
        <ele>34.176</ele>
        <time>2026-07-16T03:35:11Z</time>
        <speed>0.277778</speed>
        <name>TP0478</name>
      </trkpt>
      <trkpt lat="35.637941311" lon="139.512505036">
        <ele>34.176</ele>
        <time>2026-07-16T03:35:16Z</time>
        <speed>0.000000</speed>
        <name>TP0479</name>
      </trkpt>
      <trkpt lat="35.637942383" lon="139.512575695">
        <ele>34.010</ele>
        <time>2026-07-16T03:35:21Z</time>
        <speed>0.000000</speed>
        <name>TP0480</name>
      </trkpt>
      <trkpt lat="35.637944136" lon="139.512528998">
        <ele>33.739</ele>
        <time>2026-07-16T03:35:26Z</time>
        <speed>1.111111</speed>
        <name>TP0481</name>
      </trkpt>
      <trkpt lat="35.637941311" lon="139.512505036">
        <ele>34.176</ele>
        <time>2026-07-16T03:35:31Z</time>
        <speed>0.833333</speed>
        <name>TP0482</name>
      </trkpt>
      <trkpt lat="35.637943456" lon="139.512646353">
        <ele>33.844</ele>
        <time>2026-07-16T03:35:36Z</time>
        <speed>0.555556</speed>
        <name>TP0483</name>
      </trkpt>
      <trkpt lat="35.637944136" lon="139.512528998">
        <ele>33.739</ele>
        <time>2026-07-16T03:35:41Z</time>
        <speed>0.277778</speed>
        <name>TP0484</name>
      </trkpt>
      <trkpt lat="35.637944136" lon="139.512528998">
        <ele>33.739</ele>
        <time>2026-07-16T03:35:46Z</time>
        <speed>1.388889</speed>
        <name>TP0485</name>
      </trkpt>
      <trkpt lat="35.637943552" lon="139.512544564">
        <ele>33.830</ele>
        <time>2026-07-16T03:35:51Z</time>
        <speed>0.833333</speed>
        <name>TP0486</name>
      </trkpt>
      <trkpt lat="35.637946377" lon="139.512568526">
        <ele>33.392</ele>
        <time>2026-07-16T03:35:56Z</time>
        <speed>0.277778</speed>
        <name>TP0487</name>
      </trkpt>
      <trkpt lat="35.637944624" lon="139.512615222">
        <ele>33.664</ele>
        <time>2026-07-16T03:36:01Z</time>
        <speed>0.000000</speed>
        <name>TP0488</name>
      </trkpt>
      <trkpt lat="35.637945209" lon="139.512599657">
        <ele>33.573</ele>
        <time>2026-07-16T03:36:06Z</time>
        <speed>0.555556</speed>
        <name>TP0489</name>
      </trkpt>
      <trkpt lat="35.637941215" lon="139.512606825">
        <ele>34.191</ele>
        <time>2026-07-16T03:36:11Z</time>
        <speed>0.277778</speed>
        <name>TP0490</name>
      </trkpt>
      <trkpt lat="35.637942968" lon="139.512560129">
        <ele>33.920</ele>
        <time>2026-07-16T03:36:16Z</time>
        <speed>0.277778</speed>
        <name>TP0491</name>
      </trkpt>
      <trkpt lat="35.637942871" lon="139.512661919">
        <ele>33.935</ele>
        <time>2026-07-16T03:36:21Z</time>
        <speed>0.555556</speed>
        <name>TP0492</name>
      </trkpt>
      <trkpt lat="35.637941703" lon="139.512693049">
        <ele>34.116</ele>
        <time>2026-07-16T03:36:26Z</time>
        <speed>0.833333</speed>
        <name>TP0493</name>
      </trkpt>
      <trkpt lat="35.637941119" lon="139.512708615">
        <ele>34.206</ele>
        <time>2026-07-16T03:36:31Z</time>
        <speed>0.277778</speed>
        <name>TP0494</name>
      </trkpt>
      <trkpt lat="35.637943944" lon="139.512732577">
        <ele>33.769</ele>
        <time>2026-07-16T03:36:36Z</time>
        <speed>0.555556</speed>
        <name>TP0495</name>
      </trkpt>
      <trkpt lat="35.637936131" lon="139.512646353">
        <ele>33.262</ele>
        <time>2026-07-16T03:36:41Z</time>
        <speed>0.277778</speed>
        <name>TP0496</name>
      </trkpt>
      <trkpt lat="35.637945697" lon="139.512685881">
        <ele>33.498</ele>
        <time>2026-07-16T03:36:46Z</time>
        <speed>0.277778</speed>
        <name>TP0497</name>
      </trkpt>
      <trkpt lat="35.637931065" lon="139.512582863">
        <ele>34.046</ele>
        <time>2026-07-16T03:36:51Z</time>
        <speed>0.277778</speed>
        <name>TP0498</name>
      </trkpt>
      <trkpt lat="35.637934962" lon="139.512677484">
        <ele>33.443</ele>
        <time>2026-07-16T03:36:56Z</time>
        <speed>0.833333</speed>
        <name>TP0499</name>
      </trkpt>
      <trkpt lat="35.637933794" lon="139.512708615">
        <ele>33.624</ele>
        <time>2026-07-16T03:37:01Z</time>
        <speed>0.833333</speed>
        <name>TP0500</name>
      </trkpt>
      <trkpt lat="35.637933794" lon="139.512708615">
        <ele>33.624</ele>
        <time>2026-07-16T03:37:06Z</time>
        <speed>0.277778</speed>
        <name>TP0501</name>
      </trkpt>
      <trkpt lat="35.637930968" lon="139.512684652">
        <ele>34.061</ele>
        <time>2026-07-16T03:37:11Z</time>
        <speed>0.277778</speed>
        <name>TP0502</name>
      </trkpt>
      <trkpt lat="35.637890368" lon="139.512588803">
        <ele>33.479</ele>
        <time>2026-07-16T03:38:57Z</time>
        <speed>0.277778</speed>
        <name>TP0503</name>
      </trkpt>
      <trkpt lat="35.637888030" lon="139.512651065">
        <ele>33.841</ele>
        <time>2026-07-16T03:39:02Z</time>
        <speed>0.000000</speed>
        <name>TP0504</name>
      </trkpt>
      <trkpt lat="35.637874567" lon="139.512516916">
        <ele>34.208</ele>
        <time>2026-07-16T03:39:07Z</time>
        <speed>0.000000</speed>
        <name>TP0505</name>
      </trkpt>
      <trkpt lat="35.637815793" lon="139.512617477">
        <ele>31.290</ele>
        <time>2026-07-16T03:39:12Z</time>
        <speed>0.000000</speed>
        <name>TP0506</name>
      </trkpt>
      <trkpt lat="35.637858164" lon="139.512563612">
        <ele>33.314</ele>
        <time>2026-07-16T03:39:17Z</time>
        <speed>0.000000</speed>
        <name>TP0507</name>
      </trkpt>
      <trkpt lat="35.637836695" lon="139.512546818">
        <ele>33.204</ele>
        <time>2026-07-16T03:39:22Z</time>
        <speed>0.277778</speed>
        <name>TP0508</name>
      </trkpt>
      <trkpt lat="35.637827129" lon="139.512507291">
        <ele>32.968</ele>
        <time>2026-07-16T03:39:27Z</time>
        <speed>0.277778</speed>
        <name>TP0509</name>
      </trkpt>
      <trkpt lat="35.637836303" lon="139.512358805">
        <ele>33.265</ele>
        <time>2026-07-16T03:39:32Z</time>
        <speed>0.555556</speed>
        <name>TP0510</name>
      </trkpt>
      <trkpt lat="35.637805756" lon="139.512388708">
        <ele>32.844</ele>
        <time>2026-07-16T03:39:37Z</time>
        <speed>0.277778</speed>
        <name>TP0511</name>
      </trkpt>
      <trkpt lat="35.637785359" lon="139.512442572">
        <ele>32.568</ele>
        <time>2026-07-16T03:39:42Z</time>
        <speed>1.111111</speed>
        <name>TP0512</name>
      </trkpt>
      <trkpt lat="35.637832213" lon="139.512467763">
        <ele>33.898</ele>
        <time>2026-07-16T03:39:47Z</time>
        <speed>0.833333</speed>
        <name>TP0513</name>
      </trkpt>
      <trkpt lat="35.637826057" lon="139.512436632">
        <ele>33.134</ele>
        <time>2026-07-16T03:39:52Z</time>
        <speed>1.111111</speed>
        <name>TP0514</name>
      </trkpt>
      <trkpt lat="35.637830460" lon="139.512514459">
        <ele>34.169</ele>
        <time>2026-07-16T03:39:57Z</time>
        <speed>0.833333</speed>
        <name>TP0515</name>
      </trkpt>
      <trkpt lat="35.637832213" lon="139.512467763">
        <ele>33.898</ele>
        <time>2026-07-16T03:40:02Z</time>
        <speed>0.000000</speed>
        <name>TP0516</name>
      </trkpt>
      <trkpt lat="35.637805076" lon="139.512506062">
        <ele>32.949</ele>
        <time>2026-07-16T03:40:07Z</time>
        <speed>1.388889</speed>
        <name>TP0517</name>
      </trkpt>
      <trkpt lat="35.637844020" lon="139.512546818">
        <ele>33.787</ele>
        <time>2026-07-16T03:40:12Z</time>
        <speed>0.277778</speed>
        <name>TP0518</name>
      </trkpt>
      <trkpt lat="35.637841586" lon="139.512710869">
        <ele>34.164</ele>
        <time>2026-07-16T03:40:17Z</time>
        <speed>0.000000</speed>
        <name>TP0519</name>
      </trkpt>
      <trkpt lat="35.637870476" lon="139.512625874">
        <ele>34.841</ele>
        <time>2026-07-16T03:40:22Z</time>
        <speed>1.111111</speed>
        <name>TP0520</name>
      </trkpt>
      <trkpt lat="35.637862079" lon="139.512555215">
        <ele>34.425</ele>
        <time>2026-07-16T03:40:27Z</time>
        <speed>0.000000</speed>
        <name>TP0521</name>
      </trkpt>
      <trkpt lat="35.637840122" lon="139.512452198">
        <ele>34.390</ele>
        <time>2026-07-16T03:40:32Z</time>
        <speed>0.833333</speed>
        <name>TP0522</name>
      </trkpt>
      <trkpt lat="35.637868724" lon="139.512672570">
        <ele>35.113</ele>
        <time>2026-07-16T03:40:37Z</time>
        <speed>0.000000</speed>
        <name>TP0523</name>
      </trkpt>
      <trkpt lat="35.637855827" lon="139.512625874">
        <ele>33.676</ele>
        <time>2026-07-16T03:40:42Z</time>
        <speed>1.111111</speed>
        <name>TP0524</name>
      </trkpt>
      <trkpt lat="35.637886181" lon="139.512799550">
        <ele>34.127</ele>
        <time>2026-07-16T03:40:47Z</time>
        <speed>0.555556</speed>
        <name>TP0525</name>
      </trkpt>
      <trkpt lat="35.637821365" lon="139.512664173">
        <ele>32.144</ele>
        <time>2026-07-16T03:40:52Z</time>
        <speed>0.277778</speed>
        <name>TP0526</name>
      </trkpt>
      <trkpt lat="35.637867634" lon="139.512704929">
        <ele>33.565</ele>
        <time>2026-07-16T03:40:57Z</time>
        <speed>0.000000</speed>
        <name>TP0527</name>
      </trkpt>
      <trkpt lat="35.637892434" lon="139.512728892">
        <ele>34.876</ele>
        <time>2026-07-16T03:41:02Z</time>
        <speed>0.555556</speed>
        <name>TP0528</name>
      </trkpt>
      <trkpt lat="35.637867049" lon="139.512720495">
        <ele>33.655</ele>
        <time>2026-07-16T03:41:07Z</time>
        <speed>0.555556</speed>
        <name>TP0529</name>
      </trkpt>
      <trkpt lat="35.637867634" lon="139.512704929">
        <ele>33.565</ele>
        <time>2026-07-16T03:41:12Z</time>
        <speed>0.277778</speed>
        <name>TP0530</name>
      </trkpt>
      <trkpt lat="35.637859821" lon="139.512618705">
        <ele>33.058</ele>
        <time>2026-07-16T03:41:17Z</time>
        <speed>0.833333</speed>
        <name>TP0531</name>
      </trkpt>
      <trkpt lat="35.637854754" lon="139.512555215">
        <ele>33.842</ele>
        <time>2026-07-16T03:41:22Z</time>
        <speed>0.833333</speed>
        <name>TP0532</name>
      </trkpt>
      <trkpt lat="35.637856995" lon="139.512594743">
        <ele>33.495</ele>
        <time>2026-07-16T03:41:27Z</time>
        <speed>0.555556</speed>
        <name>TP0533</name>
      </trkpt>
      <trkpt lat="35.637854754" lon="139.512555215">
        <ele>33.842</ele>
        <time>2026-07-16T03:41:32Z</time>
        <speed>0.555556</speed>
        <name>TP0534</name>
      </trkpt>
      <trkpt lat="35.637859333" lon="139.512532481">
        <ele>33.133</ele>
        <time>2026-07-16T03:41:37Z</time>
        <speed>0.833333</speed>
        <name>TP0535</name>
      </trkpt>
      <trkpt lat="35.637854170" lon="139.512570781">
        <ele>33.932</ele>
        <time>2026-07-16T03:41:42Z</time>
        <speed>0.555556</speed>
        <name>TP0536</name>
      </trkpt>
      <trkpt lat="35.637859821" lon="139.512618705">
        <ele>33.058</ele>
        <time>2026-07-16T03:41:47Z</time>
        <speed>0.000000</speed>
        <name>TP0537</name>
      </trkpt>
      <trkpt lat="35.637856411" lon="139.512610308">
        <ele>33.585</ele>
        <time>2026-07-16T03:41:52Z</time>
        <speed>0.833333</speed>
        <name>TP0538</name>
      </trkpt>
      <trkpt lat="35.637854754" lon="139.512555215">
        <ele>33.842</ele>
        <time>2026-07-16T03:41:57Z</time>
        <speed>0.555556</speed>
        <name>TP0539</name>
      </trkpt>
      <trkpt lat="35.637856899" lon="139.512696532">
        <ele>33.510</ele>
        <time>2026-07-16T03:42:02Z</time>
        <speed>0.000000</speed>
        <name>TP0540</name>
      </trkpt>
      <trkpt lat="35.637856411" lon="139.512610308">
        <ele>33.585</ele>
        <time>2026-07-16T03:42:07Z</time>
        <speed>0.000000</speed>
        <name>TP0541</name>
      </trkpt>
      <trkpt lat="35.637859140" lon="139.512736060">
        <ele>33.163</ele>
        <time>2026-07-16T03:42:12Z</time>
        <speed>1.388889</speed>
        <name>TP0542</name>
      </trkpt>
      <trkpt lat="35.637851833" lon="139.512633042">
        <ele>34.294</ele>
        <time>2026-07-16T03:42:17Z</time>
        <speed>0.277778</speed>
        <name>TP0543</name>
      </trkpt>
      <trkpt lat="35.637855730" lon="139.512727663">
        <ele>33.691</ele>
        <time>2026-07-16T03:42:22Z</time>
        <speed>0.277778</speed>
        <name>TP0544</name>
      </trkpt>
      <trkpt lat="35.637856315" lon="139.512712098">
        <ele>33.600</ele>
        <time>2026-07-16T03:42:27Z</time>
        <speed>0.555556</speed>
        <name>TP0545</name>
      </trkpt>
      <trkpt lat="35.637854074" lon="139.512672570">
        <ele>33.947</ele>
        <time>2026-07-16T03:42:32Z</time>
        <speed>0.277778</speed>
        <name>TP0546</name>
      </trkpt>
      <trkpt lat="35.637857971" lon="139.512767191">
        <ele>33.344</ele>
        <time>2026-07-16T03:42:37Z</time>
        <speed>0.555556</speed>
        <name>TP0547</name>
      </trkpt>
      <trkpt lat="35.637851248" lon="139.512648608">
        <ele>34.384</ele>
        <time>2026-07-16T03:42:42Z</time>
        <speed>0.000000</speed>
        <name>TP0548</name>
      </trkpt>
      <trkpt lat="35.637852321" lon="139.512719266">
        <ele>34.218</ele>
        <time>2026-07-16T03:42:47Z</time>
        <speed>0.277778</speed>
        <name>TP0549</name>
      </trkpt>
      <trkpt lat="35.637841683" lon="139.512609080">
        <ele>34.149</ele>
        <time>2026-07-16T03:42:52Z</time>
        <speed>0.555556</speed>
        <name>TP0550</name>
      </trkpt>
      <trkpt lat="35.637847333" lon="139.512657005">
        <ele>33.274</ele>
        <time>2026-07-16T03:42:57Z</time>
        <speed>0.555556</speed>
        <name>TP0551</name>
      </trkpt>
      <trkpt lat="35.637847918" lon="139.512641439">
        <ele>33.184</ele>
        <time>2026-07-16T03:43:02Z</time>
        <speed>0.555556</speed>
        <name>TP0552</name>
      </trkpt>
      <trkpt lat="35.637842755" lon="139.512679738">
        <ele>33.983</ele>
        <time>2026-07-16T03:43:07Z</time>
        <speed>0.000000</speed>
        <name>TP0553</name>
      </trkpt>
      <trkpt lat="35.637832701" lon="139.512553987">
        <ele>33.822</ele>
        <time>2026-07-16T03:43:12Z</time>
        <speed>0.555556</speed>
        <name>TP0554</name>
      </trkpt>
      <trkpt lat="35.637844412" lon="139.512734832">
        <ele>33.726</ele>
        <time>2026-07-16T03:43:17Z</time>
        <speed>1.111111</speed>
        <name>TP0555</name>
      </trkpt>
      <trkpt lat="35.637842659" lon="139.512781528">
        <ele>33.998</ele>
        <time>2026-07-16T03:43:22Z</time>
        <speed>0.000000</speed>
        <name>TP0556</name>
      </trkpt>
      <trkpt lat="35.637844412" lon="139.512734832">
        <ele>33.726</ele>
        <time>2026-07-16T03:43:27Z</time>
        <speed>1.944444</speed>
        <name>TP0557</name>
      </trkpt>
      <trkpt lat="35.637843243" lon="139.512765962">
        <ele>33.907</ele>
        <time>2026-07-16T03:43:32Z</time>
        <speed>0.277778</speed>
        <name>TP0558</name>
      </trkpt>
      <trkpt lat="35.637829876" lon="139.512530024">
        <ele>34.260</ele>
        <time>2026-07-16T03:43:37Z</time>
        <speed>1.944444</speed>
        <name>TP0559</name>
      </trkpt>
      <trkpt lat="35.637806732" lon="139.512561155">
        <ele>32.692</ele>
        <time>2026-07-16T03:43:42Z</time>
        <speed>0.555556</speed>
        <name>TP0560</name>
      </trkpt>
      <trkpt lat="35.637822551" lon="139.512530024">
        <ele>33.677</ele>
        <time>2026-07-16T03:43:47Z</time>
        <speed>0.277778</speed>
        <name>TP0561</name>
      </trkpt>
      <trkpt lat="35.637859158" lon="139.512633042">
        <ele>34.877</ele>
        <time>2026-07-16T03:43:52Z</time>
        <speed>0.555556</speed>
        <name>TP0562</name>
      </trkpt>
      <trkpt lat="35.637873904" lon="139.512531253">
        <ele>36.027</ele>
        <time>2026-07-16T03:43:57Z</time>
        <speed>0.277778</speed>
        <name>TP0563</name>
      </trkpt>
      <trkpt lat="35.637872735" lon="139.512562384">
        <ele>36.208</ele>
        <time>2026-07-16T03:44:02Z</time>
        <speed>0.555556</speed>
        <name>TP0564</name>
      </trkpt>
      <trkpt lat="35.637880644" lon="139.512546818">
        <ele>36.700</ele>
        <time>2026-07-16T03:44:07Z</time>
        <speed>0.555556</speed>
        <name>TP0565</name>
      </trkpt>
      <trkpt lat="35.637860248" lon="139.512600683">
        <ele>36.424</ele>
        <time>2026-07-16T03:44:12Z</time>
        <speed>0.555556</speed>
        <name>TP0566</name>
      </trkpt>
      <trkpt lat="35.637842171" lon="139.512695304">
        <ele>34.073</ele>
        <time>2026-07-16T03:44:17Z</time>
        <speed>0.277778</speed>
        <name>TP0567</name>
      </trkpt>
      <trkpt lat="35.637855067" lon="139.512742000">
        <ele>35.510</ele>
        <time>2026-07-16T03:44:22Z</time>
        <speed>1.111111</speed>
        <name>TP0568</name>
      </trkpt>
      <trkpt lat="35.637824015" lon="139.512788696">
        <ele>33.450</ele>
        <time>2026-07-16T03:44:27Z</time>
        <speed>0.000000</speed>
        <name>TP0569</name>
      </trkpt>
      <trkpt lat="35.637823039" lon="139.512616248">
        <ele>33.601</ele>
        <time>2026-07-16T03:44:32Z</time>
        <speed>0.000000</speed>
        <name>TP0570</name>
      </trkpt>
      <trkpt lat="35.637851754" lon="139.512631814">
        <ele>36.022</ele>
        <time>2026-07-16T03:44:37Z</time>
        <speed>0.000000</speed>
        <name>TP0571</name>
      </trkpt>
      <trkpt lat="35.637859663" lon="139.512616248">
        <ele>36.515</ele>
        <time>2026-07-16T03:44:42Z</time>
        <speed>0.000000</speed>
        <name>TP0572</name>
      </trkpt>
      <trkpt lat="35.637867476" lon="139.512702472">
        <ele>37.022</ele>
        <time>2026-07-16T03:44:47Z</time>
        <speed>0.000000</speed>
        <name>TP0573</name>
      </trkpt>
      <trkpt lat="35.637853411" lon="139.512686907">
        <ele>35.766</ele>
        <time>2026-07-16T03:44:52Z</time>
        <speed>0.277778</speed>
        <name>TP0574</name>
      </trkpt>
      <trkpt lat="35.637843261" lon="139.512662945">
        <ele>35.621</ele>
        <time>2026-07-16T03:44:57Z</time>
        <speed>0.277778</speed>
        <name>TP0575</name>
      </trkpt>
      <trkpt lat="35.637851170" lon="139.512647379">
        <ele>36.113</ele>
        <time>2026-07-16T03:45:02Z</time>
        <speed>0.000000</speed>
        <name>TP0576</name>
      </trkpt>
      <trkpt lat="35.637858983" lon="139.512733603">
        <ele>36.620</ele>
        <time>2026-07-16T03:45:07Z</time>
        <speed>0.000000</speed>
        <name>TP0577</name>
      </trkpt>
      <trkpt lat="35.637853899" lon="139.512773131">
        <ele>35.691</ele>
        <time>2026-07-16T03:45:12Z</time>
        <speed>0.833333</speed>
        <name>TP0578</name>
      </trkpt>
      <trkpt lat="35.637865723" lon="139.512749168">
        <ele>37.293</ele>
        <time>2026-07-16T03:45:17Z</time>
        <speed>0.555556</speed>
        <name>TP0579</name>
      </trkpt>
      <trkpt lat="35.637820117" lon="139.512694075">
        <ele>34.054</ele>
        <time>2026-07-16T03:45:22Z</time>
        <speed>0.000000</speed>
        <name>TP0580</name>
      </trkpt>
    </trkseg>
  </trk>
</gpx>
